0.152878999710083,1.14058887958527,-1.33555102348328,0.888673543930054
0.153712511062622,1.1407516002655,-1.33561754226685,0.887579619884491
0.162754774093628,1.14094877243042,-1.33564293384552,0.886548161506653
0.17281174659729,1.14111316204071,-1.33568572998047,0.885422348976135
0.182881116867065,1.1413232088089,-1.33574497699738,0.884366869926453
0.192821264266968,1.14149558544159,-1.33576154708862,0.883339524269104
0.203278303146362,1.14167106151581,-1.33581984043121,0.882241189479828
0.204015731811523,1.14193105697632,-1.33586943149567,0.881147027015686
0.213009595870972,1.14204776287079,-1.33591485023499,0.880154490470886
0.2229163646698,1.14229094982147,-1.3359637260437,0.879081904888153
0.232907772064209,1.14262509346008,-1.33597910404205,0.877929210662842
0.252792596817017,1.1429934501648,-1.33605206012726,0.875890612602234
0.253443002700806,1.14326095581055,-1.33606863021851,0.874837100505829
0.263283967971802,1.14347505569458,-1.3361029624939,0.873818039894104
0.272790908813477,1.1437019109726,-1.33614552021027,0.872798383235931
0.282950162887573,1.14394950866699,-1.33615911006928,0.871759951114654
0.293045520782471,1.14416456222534,-1.33620381355286,0.870792627334595
0.303210496902466,1.14433300495148,-1.3362443447113,0.86982399225235
0.303961753845215,1.14459407329559,-1.33626878261566,0.868794322013855
0.313225746154785,1.14481675624847,-1.33631324768066,0.86784565448761
0.322961807250977,1.14507329463959,-1.33635902404785,0.866869986057282
0.333025693893433,1.14528608322144,-1.33637297153473,0.865872740745544
0.343212127685547,1.14545583724976,-1.33640110492706,0.864940822124481
0.352851152420044,1.14572882652283,-1.33643162250519,0.863963961601257
0.353855609893799,1.14594614505768,-1.33642792701721,0.86304098367691
0.362882137298584,1.14609265327454,-1.33643865585327,0.862151086330414
0.372829675674438,1.14625132083893,-1.33649384975433,0.861318647861481
0.383182048797607,1.14650499820709,-1.33647811412811,0.860361397266388
0.3929603099823,1.14671492576599,-1.33649659156799,0.859477758407593
0.40283727645874,1.1468997001648,-1.33654761314392,0.858586132526398
0.403707981109619,1.14717328548431,-1.33651769161224,0.857621729373932
0.412972211837769,1.1473696231842,-1.33654844760895,0.856769859790802
0.422972440719605,1.14755308628082,-1.33657085895538,0.855885028839111
0.433010816574097,1.14772319793701,-1.33657944202423,0.855060517787933
0.452377319335938,1.1482310295105,-1.33661079406738,0.853221654891968
0.452966451644898,1.14842998981476,-1.33659827709198,0.852359473705292
0.463038444519043,1.14869558811188,-1.3365992307663,0.851533889770508
0.473331928253174,1.14900922775269,-1.33662796020508,0.850648701190949
0.483369827270508,1.14918625354767,-1.33661913871765,0.849823713302612
0.493159770965576,1.14939630031586,-1.3366219997406,0.848975896835327
0.502908706665039,1.14961171150208,-1.33667266368866,0.848179936408997
0.503907680511475,1.14985966682434,-1.33669435977936,0.847382247447968
0.513100385665894,1.15004658699036,-1.33670663833618,0.846562922000885
0.523137331008911,1.15028202533722,-1.33673095703125,0.845723927021027
0.532972097396851,1.15049827098846,-1.33675944805145,0.844932854175568
0.543503761291504,1.15074408054352,-1.33678102493286,0.844135046005249
0.552932739257813,1.15097630023956,-1.33680868148804,0.843320190906525
0.553889274597168,1.15121638774872,-1.33685684204102,0.842517554759979
0.563027620315552,1.15139949321747,-1.3368763923645,0.841811299324035
0.57317066192627,1.15156173706055,-1.33695948123932,0.841100633144379
0.583046436309814,1.15177810192108,-1.33701264858246,0.840348899364471
0.593500375747681,1.15200912952423,-1.33702790737152,0.839551866054535
0.603365421295166,1.15230262279511,-1.3370566368103,0.838726103305817
0.604259252548218,1.15257298946381,-1.33712613582611,0.837990403175354
0.613367795944214,1.1528400182724,-1.33717179298401,0.83722311258316
0.622902631759644,1.15301263332367,-1.33719539642334,0.836531937122345
0.63335132598877,1.15320360660553,-1.33723759651184,0.835801005363464
0.643256902694702,1.15337181091309,-1.33728992938995,0.835130989551544
0.653203010559082,1.15365040302277,-1.33733379840851,0.83440500497818
0.654268503189087,1.15386128425598,-1.3373441696167,0.833718419075012
0.663139581680298,1.15407717227936,-1.33740472793579,0.833007633686066
0.672839641571045,1.15428340435028,-1.33743369579315,0.832295954227448
0.683450222015381,1.1545238494873,-1.33747744560242,0.831605851650238
0.693132400512695,1.15471923351288,-1.33753204345703,0.830967307090759
0.703195810317993,1.1549299955368,-1.33759427070618,0.830291867256165
0.704154014587402,1.15513241291046,-1.33764469623566,0.829633891582489
0.713099241256714,1.15530717372894,-1.33769857883453,0.829012453556061
0.723142385482788,1.15549314022064,-1.33776080608368,0.828350722789764
0.733229875564575,1.15570151805878,-1.3378347158432,0.827729225158691
0.743342399597168,1.15589547157288,-1.33787178993225,0.827096164226532
0.753247261047363,1.15605413913727,-1.3379100561142,0.826458156108856
0.754231929779053,1.15625488758087,-1.33796751499176,0.825833916664124
0.763222455978394,1.15645837783813,-1.33799707889557,0.825245201587677
0.773296594619751,1.15668392181396,-1.33804941177368,0.824642241001129
0.783353328704834,1.15681171417236,-1.33807802200317,0.82408618927002
0.793177127838135,1.15693485736847,-1.33814942836761,0.823576211929321
0.803110361099243,1.15707647800446,-1.33820009231567,0.823013842105866
0.804094076156616,1.15728425979614,-1.3382682800293,0.822441101074219
0.81299614906311,1.15748238563538,-1.33827006816864,0.821781754493713
0.822856187820435,1.15767848491669,-1.33834612369537,0.821186184883118
0.832853317260742,1.15786015987396,-1.3384016752243,0.820631146430969
0.843201637268066,1.15811240673065,-1.33844935894012,0.820009768009186
0.852902889251709,1.15831124782562,-1.33845663070679,0.81943142414093
0.854075193405151,1.15844357013702,-1.33849167823792,0.81891530752182
0.86283016204834,1.15857756137848,-1.33851039409637,0.818376362323761
0.87284255027771,1.15873396396637,-1.33855974674225,0.817820250988007
0.883046627044678,1.15897262096405,-1.33860743045807,0.81725025177002
0.893092393875122,1.15914177894592,-1.33863461017609,0.816736936569214
0.902833461761475,1.15938520431519,-1.33866322040558,0.816176056861877
0.90380859375,1.15957009792328,-1.33870792388916,0.815635979175568
0.912514448165894,1.15972721576691,-1.33875179290771,0.815129935741425
0.922714471817017,1.15982294082642,-1.33878886699677,0.814661085605621
0.933064699172974,1.16001892089844,-1.33882832527161,0.814123809337616
0.943176984786987,1.16016447544098,-1.33885633945465,0.813642203807831
0.952931642532349,1.16033792495728,-1.33890461921692,0.813148200511932
0.953880071640015,1.16049242019653,-1.33893191814423,0.812629461288452
0.962805271148681,1.16069328784943,-1.3389732837677,0.812117636203766
0.972850799560547,1.16080570220947,-1.33896589279175,0.811663508415222
0.982873201370239,1.16093826293945,-1.33900022506714,0.811210930347443
0.993141889572144,1.16103959083557,-1.33902192115784,0.81074321269989
1.00297689437866,1.16114628314972,-1.33906519412994,0.810291528701782
1.00390458106995,1.16126143932343,-1.33909177780151,0.809865474700928
1.01288890838623,1.16138827800751,-1.33910441398621,0.809439122676849
1.02378869056702,1.16147220134735,-1.33911311626434,0.809020400047302
1.03306531906128,1.16161453723907,-1.33911788463593,0.808564305305481
1.04291081428528,1.16173410415649,-1.33914339542389,0.808131396770477
1.05322504043579,1.1619279384613,-1.33915233612061,0.807650625705719
1.05403256416321,1.16204130649567,-1.33917701244354,0.807234704494476
1.06293654441834,1.16213250160217,-1.33919489383698,0.80683296918869
1.07300281524658,1.16223669052124,-1.33921432495117,0.806478261947632
1.08338570594788,1.16232144832611,-1.33923006057739,0.806124329566956
1.09292244911194,1.16235673427582,-1.33925151824951,0.805816829204559
1.10291361808777,1.16245627403259,-1.33926689624786,0.805450856685638
1.10394430160522,1.16259872913361,-1.33927965164185,0.805079996585846
1.11292433738709,1.1627254486084,-1.33928883075714,0.804716110229492
1.12286281585693,1.16288733482361,-1.33928906917572,0.804259240627289
1.14333558082581,1.16300463676453,-1.33925223350525,0.803655803203583
1.15290141105652,1.16305840015411,-1.33923482894897,0.803378403186798
1.1628737449646,1.16318500041962,-1.33921468257904,0.803055763244629
1.16377639770508,1.16323971748352,-1.33918750286102,0.802755892276764
1.17307806015015,1.16333603858948,-1.33916401863098,0.802458941936493
1.18337917327881,1.1634726524353,-1.33912575244904,0.802151322364807
1.19304275512695,1.16354668140411,-1.33907914161682,0.801849663257599
1.20296454429626,1.16354966163635,-1.33904528617859,0.801626443862915
1.21297931671143,1.16357231140137,-1.33900201320648,0.801400899887085
1.21410059928894,1.16359126567841,-1.33895742893219,0.801188707351685
1.22293829917908,1.16357946395874,-1.33889222145081,0.800969004631043
1.23287153244019,1.16356039047241,-1.33881044387817,0.800774991512299
1.24310302734375,1.16358041763306,-1.33873009681702,0.800575017929077
1.25299835205078,1.16356325149536,-1.3386195898056,0.800395607948303
1.25396847724915,1.16354060173035,-1.33849358558655,0.800225794315338
1.26333451271057,1.16350269317627,-1.33838891983032,0.800073266029358
1.28320050239563,1.16344964504242,-1.33824133872986,0.799966931343079
1.28443765640259,1.16336536407471,-1.33809459209442,0.799860894680023
1.29311108589172,1.16329681873322,-1.33793044090271,0.799730002880096
1.30305337905884,1.16323661804199,-1.33775770664215,0.799605071544647
1.30401968955994,1.16323471069336,-1.33759617805481,0.799467265605927
1.31304740905762,1.16316747665405,-1.33741998672485,0.799355387687683
1.32327198982239,1.16306138038635,-1.33722054958344,0.79928183555603
1.33349800109863,1.1629536151886,-1.33703005313873,0.7992103099823
1.34309911727905,1.16283094882965,-1.33682084083557,0.799174427986145
1.3532452583313,1.16269731521606,-1.33658671379089,0.799127101898193
1.35413026809692,1.16252768039703,-1.33632946014404,0.799096882343292
1.36299657821655,1.16240704059601,-1.33600044250488,0.799030482769012
1.3729739189148,1.16223442554474,-1.33568823337555,0.798997700214386
1.38315105438232,1.16209256649017,-1.33539295196533,0.798973560333252
1.3934051990509,1.16192531585693,-1.33509790897369,0.798950970172882
1.4033350944519,1.16172444820404,-1.33478736877441,0.798946976661682
1.40432715415955,1.16151237487793,-1.33446037769318,0.798957288265228
1.41316819190979,1.1612241268158,-1.33405351638794,0.798972845077515
1.42323923110962,1.16095173358917,-1.33362996578217,0.799009501934052
1.43311905860901,1.16073548793793,-1.3332542181015,0.799000561237335
1.44327211380005,1.16047549247742,-1.33283424377441,0.799040079116821
1.4532527923584,1.16014218330383,-1.33235836029053,0.799091398715973
1.45444989204407,1.15979647636414,-1.33187341690063,0.799135804176331
1.46306943893433,1.15946590900421,-1.3313934803009,0.799187362194061
1.4730703830719,1.15912771224976,-1.33092164993286,0.799253642559052
1.4830482006073,1.15868592262268,-1.33034563064575,0.799348533153534
1.49317193031311,1.15828955173492,-1.32978463172913,0.799417197704315
1.50301933288574,1.15792202949524,-1.32927048206329,0.799483180046081
1.50401067733765,1.1574764251709,-1.32867074012756,0.799556970596314
1.52327561378479,1.15651226043701,-1.32740294933319,0.799860656261444
1.53324580192566,1.15608167648315,-1.32676041126251,0.799856960773468
1.55308532714844,1.15507900714874,-1.32535541057587,0.800109922885895
1.55410218238831,1.15457820892334,-1.32467603683472,0.80025577545166
1.56308150291443,1.15399587154388,-1.3239016532898,0.800421416759491
1.57314109802246,1.1535769701004,-1.32319390773773,0.800511240959168
1.59274578094482,1.15236580371857,-1.32160472869873,0.800893485546112
1.6030387878418,1.15178680419922,-1.32083058357239,0.801061570644379
1.60400891304016,1.15114223957062,-1.31994795799255,0.801271736621857
1.61315631866455,1.15058541297913,-1.31914067268372,0.801411628723145
1.62285757064819,1.14991140365601,-1.31823766231537,0.801631629467011
1.63312458992004,1.14929258823395,-1.31736195087433,0.801803112030029
1.64324617385864,1.14856648445129,-1.31643605232239,0.802028894424439
1.65313506126404,1.14798617362976,-1.3155300617218,0.80218517780304
1.66351270675659,1.14648342132568,-1.31365025043488,0.802632451057434
1.67325353622437,1.14569664001465,-1.31265437602997,0.802861630916595
1.68305015563965,1.14494109153748,-1.31167590618134,0.803094744682312
1.69331312179565,1.14420771598816,-1.31066334247589,0.80329042673111
1.70351505279541,1.14338278770447,-1.30964612960815,0.803525626659393
1.71351861953735,1.14256179332733,-1.3085845708847,0.803749203681946
1.7231023311615,1.14176774024963,-1.30756711959839,0.803998231887817
1.73323082923889,1.14093208312988,-1.30646705627441,0.80426561832428
1.73466944694519,1.14007866382599,-1.30538141727448,0.804514050483704
1.74365186691284,1.13917112350464,-1.30424022674561,0.804797947406769
1.75309014320374,1.13831543922424,-1.30314755439758,0.805047273635864
1.76313352584839,1.13738346099854,-1.30194664001465,0.805297017097473
1.77318167686462,1.13648164272308,-1.30080008506775,0.805546760559082
1.77421426773071,1.13559150695801,-1.29961514472961,0.805735349655151
1.78341794013977,1.13464748859406,-1.29839205741882,0.805979907512665
1.79324698448181,1.13370978832245,-1.29720151424408,0.80621463060379
1.80311298370361,1.13273429870605,-1.2959600687027,0.806469440460205
1.80411291122437,1.13175737857819,-1.29474496841431,0.806705832481384
1.81314945220947,1.13069987297058,-1.29347348213196,0.806982457637787
1.82316040992737,1.12967729568481,-1.29220187664032,0.807271599769592
1.8332986831665,1.12867367267609,-1.29091286659241,0.807493031024933
1.84347987174988,1.12770938873291,-1.28962981700897,0.807688355445862
1.84454274177551,1.1267157793045,-1.28823280334473,0.807820558547974
1.85315132141113,1.12566828727722,-1.28693187236786,0.808046281337738
1.86302876472473,1.12461745738983,-1.28557050228119,0.808260142803192
1.87306094169617,1.12349021434784,-1.28417468070984,0.80850750207901
1.88321900367737,1.12242436408997,-1.28281259536743,0.80871057510376
1.89338517189026,1.12135183811188,-1.28142964839935,0.808916628360748
1.90306210517883,1.12027525901794,-1.28003644943237,0.809045076370239
1.90408992767334,1.11911249160767,-1.27856981754303,0.809258878231049
1.91320013999939,1.11799609661102,-1.27715730667114,0.809426009654999
1.92328000068665,1.11684048175812,-1.27575433254242,0.809621155261993
1.93342661857605,1.11564934253693,-1.2742702960968,0.809844374656677
1.94328880310059,1.1144722700119,-1.27277457714081,0.810048341751099
1.95315527915955,1.11331629753113,-1.27128946781158,0.810216665267944
1.95419788360596,1.1120685338974,-1.26979660987854,0.810393750667572
1.96357583999634,1.11080658435822,-1.26828861236572,0.810544192790985
1.97305536270142,1.10958421230316,-1.26673495769501,0.810695707798004
1.98331499099731,1.10836398601532,-1.26520133018494,0.810849070549011
1.99318051338196,1.10710549354553,-1.26367449760437,0.811014294624329
2.0029661655426,1.10582089424133,-1.26214814186096,0.811164379119873
2.00397515296936,1.10451662540436,-1.26059257984161,0.811321675777435
2.01300358772278,1.10327124595642,-1.25898706912994,0.811415910720825
2.02350401878357,1.1019492149353,-1.25738382339478,0.811577379703522
2.03305459022522,1.10063517093658,-1.25576782226563,0.811694443225861
2.04311561584473,1.09935867786407,-1.2541332244873,0.811807692050934
2.05297541618347,1.09809124469757,-1.25251972675323,0.811874806880951
2.05392360687256,1.09682762622833,-1.25092458724976,0.811929762363434
2.06288409233093,1.09546613693237,-1.2492378950119,0.81207686662674
2.07290482521057,1.09412491321564,-1.24759948253632,0.812174618244171
2.08304119110107,1.0927004814148,-1.24589514732361,0.812295198440552
2.09312701225281,1.09134912490845,-1.24417757987976,0.812334954738617
2.10294818878174,1.09001648426056,-1.24251222610474,0.812363684177399
2.10385346412659,1.08867692947388,-1.24079549312592,0.812448382377625
2.11313462257385,1.08728790283203,-1.23911726474762,0.812505424022675
2.12310767173767,1.08592641353607,-1.23742270469666,0.812509477138519
2.13296842575073,1.08445715904236,-1.23565852642059,0.812605917453766
2.14331126213074,1.08305335044861,-1.2339391708374,0.812656223773956
2.15290904045105,1.08165371417999,-1.23218154907227,0.812758564949035
2.15395069122314,1.0801317691803,-1.23036050796509,0.812815487384796
2.1629536151886,1.07870185375214,-1.22856867313385,0.812804460525513
2.17328500747681,1.0772260427475,-1.226771235466,0.812856793403626
2.18301486968994,1.07577526569366,-1.22496402263641,0.812933921813965
2.19327616691589,1.07433640956879,-1.22318255901337,0.812865436077118
2.20299315452576,1.07281124591827,-1.22134816646576,0.812938153743744
2.20395636558533,1.07123184204102,-1.21949577331543,0.813031077384949
2.21308255195618,1.06973564624786,-1.2176787853241,0.813033759593964
2.22317457199097,1.06821203231812,-1.21579158306122,0.81303483247757
2.23313093185425,1.0666344165802,-1.21392250061035,0.813107013702393
2.24353122711182,1.06509149074554,-1.21204912662506,0.813088238239288
2.25309038162231,1.06358158588409,-1.21011984348297,0.813054263591766
2.25414299964905,1.06199359893799,-1.20821452140808,0.813107013702393
2.2630820274353,1.06040632724762,-1.2063227891922,0.813133418560028
2.27331376075745,1.05885076522827,-1.20438659191132,0.8131063580513
2.28324055671692,1.0572247505188,-1.20244789123535,0.81313019990921
2.29332232475281,1.05562210083008,-1.20054936408997,0.813182711601257
2.30293488502502,1.05401277542114,-1.19856727123261,0.81317275762558
2.30389261245728,1.0524674654007,-1.19659566879272,0.813092470169067
2.31295323371887,1.05086958408356,-1.19463407993317,0.813126802444458
2.32325577735901,1.04924583435059,-1.19263899326324,0.813112914562225
2.3332941532135,1.04761493206024,-1.19067192077637,0.813065946102142
2.34292340278625,1.0459588766098,-1.18870055675507,0.813117384910584
2.35298466682434,1.0442488193512,-1.1866637468338,0.813148200511932
2.35394763946533,1.04257643222809,-1.18464529514313,0.81318724155426
2.36286783218384,1.04084348678589,-1.18255162239075,0.813214361667633
2.3728129863739,1.03922808170319,-1.18054211139679,0.813123047351837
2.4129478931427,1.03418016433716,-1.17442762851715,0.813126266002655
2.43309044837952,1.03248918056488,-1.17237734794617,0.813104808330536
2.46286010742187,1.02386891841888,-1.16177797317505,0.813035905361176
2.47294807434082,1.0203800201416,-1.15746629238129,0.81298816204071
2.49328064918518,1.01686930656433,-1.15315246582031,0.812957584857941
2.53340005874634,1.01157772541046,-1.14658951759338,0.812867760658264
2.57285642623901,1.00059831142426,-1.13337075710297,0.812961935997009
2.58287167549133,0.996955275535584,-1.12882876396179,0.812937438488007
2.62340044975281,0.989658832550049,-1.11978149414063,0.812762200832367
2.63311171531677,0.987807989120483,-1.11751794815063,0.812772035598755
2.67292475700378,0.976505994796753,-1.1037083864212,0.812775611877441
2.68289661407471,0.974657118320465,-1.10142040252686,0.812729835510254
2.69309139251709,0.972780525684357,-1.09913372993469,0.812668561935425
2.70312166213989,0.970896363258362,-1.09687316417694,0.812596559524536
2.732905626297,0.963293552398681,-1.08759307861328,0.812339782714844
2.74321269989014,0.961390376091003,-1.08522760868073,0.812237620353699
2.78305912017822,0.953716039657593,-1.07586371898651,0.811903238296509
2.79298734664917,0.949829816818237,-1.07110333442688,0.8117436170578
2.81314134597778,0.945917665958404,-1.06640040874481,0.811581373214722
2.82289123535156,0.943934261798858,-1.06396102905273,0.811472475528717
2.853266954422,0.93601405620575,-1.05445075035095,0.811145305633545
2.85416626930237,0.933980822563171,-1.05207443237305,0.81105637550354
2.86283779144287,0.932020783424377,-1.04970610141754,0.810941576957703
2.87295794487,0.930028557777405,-1.04731547832489,0.810854136943817
2.88306736946106,0.928034901618958,-1.04492378234863,0.810737907886505
2.89295053482056,0.926045179367065,-1.04247498512268,0.810619652271271
2.89391350746155,0.924012780189514,-1.04006636142731,0.810551226139069
2.91313028335571,0.921881079673767,-1.03751218318939,0.810528695583344
2.94299101829529,0.913839101791382,-1.02788913249969,0.810075640678406
2.96322798728943,0.909602403640747,-1.02283000946045,0.809992015361786
2.98305034637451,0.90359354019165,-1.01561069488525,0.809621214866638
3.0027117729187,0.89937174320221,-1.01067554950714,0.809529662132263
3.03339052200317,0.893356144428253,-1.00336408615112,0.809186935424805
3.04326272010803,0.88927435874939,-0.998519778251648,0.808894515037537
3.07318449020386,0.883175790309906,-0.991241216659546,0.808548927307129
3.08288431167603,0.879201829433441,-0.986413240432739,0.808260500431061
3.11297464370728,0.873126327991486,-0.979175567626953,0.807855665683746
3.122971534729,0.869088172912598,-0.974354147911072,0.80757611989975
3.15290713310242,0.863014101982117,-0.967081964015961,0.807253181934357
3.16285276412964,0.85899543762207,-0.962332367897034,0.806927263736725
3.19351410865784,0.852982640266418,-0.955175638198852,0.806505501270294
3.20319867134094,0.85098123550415,-0.952758312225342,0.806407392024994
3.23286747932434,0.843050122261047,-0.94324779510498,0.805798530578613
3.24314451217651,0.839106023311615,-0.938508570194244,0.805470287799835
3.28278064727783,0.833189964294434,-0.931343615055084,0.805076360702515
3.28378891944885,0.829292476177216,-0.926628768444061,0.804805517196655
3.31307005882263,0.823396623134613,-0.919546902179718,0.804297029972076
3.32288575172424,0.821431994438171,-0.917162418365478,0.804170191287994
3.35299468040466,0.813623666763306,-0.907675504684448,0.803543865680695
3.36291575431824,0.811692297458649,-0.905307590961456,0.803330600261688
3.38283157348633,0.807810366153717,-0.900557339191437,0.802986681461334
3.392911195755,0.805856943130493,-0.898201107978821,0.802857935428619
3.42269110679626,0.798070669174194,-0.888669550418854,0.802244186401367
3.4328989982605,0.796117126941681,-0.886273920536041,0.802043914794922
3.47288179397583,0.788360297679901,-0.876751780509949,0.801430642604828
3.48296093940735,0.786405444145203,-0.874417126178741,0.801335632801056
3.50279021263123,0.780599057674408,-0.867267489433289,0.800890326499939
3.51295208930969,0.776700079441071,-0.862500488758087,0.800603270530701
3.54300785064697,0.770947992801666,-0.855282723903656,0.800253689289093
3.55297040939331,0.767087519168854,-0.850513398647308,0.800009727478027
3.57320952415466,0.763216912746429,-0.845714390277862,0.79973977804184
3.5831618309021,0.761256635189056,-0.843314051628113,0.799593806266785
3.602952003479,0.757389545440674,-0.838517963886261,0.799360811710358
3.61288475990295,0.755432844161987,-0.836062431335449,0.799302220344543
3.63299584388733,0.74952644109726,-0.828835070133209,0.798964738845825
3.63377571105957,0.747597694396973,-0.826441764831543,0.798887014389038
3.65324306488037,0.743652820587158,-0.821539402008056,0.798654317855835
3.66294002532959,0.741691946983337,-0.819109439849854,0.798544883728027
3.68308138847351,0.737749099731445,-0.814219176769257,0.798425197601318
3.69307684898376,0.73577356338501,-0.81178230047226,0.798341035842896
3.7133674621582,0.72980123758316,-0.804436683654785,0.798065304756165
3.72311902046204,0.727815508842468,-0.801966667175293,0.797965049743652
3.74314188957214,0.723859131336212,-0.797084093093872,0.797840476036072
3.75311708450317,0.721893489360809,-0.794656932353973,0.797755002975464
3.7631995677948,0.717879235744476,-0.789751708507538,0.797613203525543
3.77332401275635,0.715898096561432,-0.787318706512451,0.797517716884613
3.79329919815063,0.711935162544251,-0.782332718372345,0.797334909439087
3.80322003364563,0.709917306900024,-0.779886662960053,0.797300338745117
3.82315015792847,0.705937802791595,-0.774950265884399,0.797122418880463
3.83333468437195,0.703931212425232,-0.772511065006256,0.797067940235138
3.86310577392578,0.695885956287384,-0.76263815164566,0.796706140041351
3.87325525283813,0.691850543022156,-0.757686734199524,0.796550571918487
3.91304230690002,0.685819029808044,-0.750311374664306,0.796320378780365
3.91395831108093,0.681816101074219,-0.745375275611877,0.796104192733765
3.94311952590942,0.673661112785339,-0.735400438308716,0.795784890651703
3.96316027641296,0.671659231185913,-0.732944071292877,0.795707046985626
3.98314619064331,0.667566120624542,-0.728036880493164,0.795509517192841
3.99308514595032,0.663512825965881,-0.723070204257965,0.795317530632019
4.01313710212708,0.657454431056976,-0.715621650218964,0.795045673847199
4.02323222160339,0.655453145503998,-0.713101029396057,0.794949293136597
4.04315066337585,0.651380240917206,-0.708168983459473,0.79478907585144
4.05313420295715,0.649363875389099,-0.705666780471802,0.794725954532623
4.07312202453613,0.643311560153961,-0.6982142329216,0.794483780860901
4.09313225746155,0.641327917575836,-0.695777654647827,0.794376850128174
4.11312580108643,0.635280013084412,-0.688388466835022,0.794145822525024
4.1233389377594,0.631273925304413,-0.683395266532898,0.793989062309265
4.14313340187073,0.62722510099411,-0.678433060646057,0.793830096721649
4.15318489074707,0.625206530094147,-0.675984680652618,0.793723046779633
4.17309236526489,0.619130909442902,-0.66860842704773,0.793530285358429
4.18321061134338,0.617138028144836,-0.666154146194458,0.793437898159027
4.21357393264771,0.611065745353699,-0.658779621124268,0.793248474597931
4.22310066223145,0.609039485454559,-0.656341850757599,0.793193876743317
4.2331690788269,0.603011190891266,-0.648998618125916,0.793021500110626
4.25314831733704,0.600986361503601,-0.646525144577026,0.793011128902435
4.27323842048645,0.594996154308319,-0.639156103134155,0.792867541313171
4.28317284584045,0.593009829521179,-0.63676255941391,0.792843699455261
4.30324482917786,0.58900249004364,-0.631842374801636,0.792795538902283
4.31321787834168,0.587047278881073,-0.629455983638763,0.792751491069794
4.33304071426392,0.581081330776215,-0.622154653072357,0.792639255523681
4.33413076400757,0.579104602336883,-0.619718849658966,0.79263174533844
4.37328338623047,0.573289096355438,-0.612668454647064,0.792401313781738
4.39308428764343,0.569352507591248,-0.607827723026276,0.792405426502228
4.41301131248474,0.563499569892883,-0.600592851638794,0.792281687259674
4.42283225059509,0.561556756496429,-0.598182141780853,0.79228800535202
4.44306087493897,0.555712819099426,-0.590982139110565,0.792249739170074
4.44397878646851,0.553785264492035,-0.58861118555069,0.792184472084045
4.46310639381409,0.549903273582459,-0.583808302879334,0.792169511318207
4.4731981754303,0.547996938228607,-0.581422686576843,0.792190968990326
4.49342179298401,0.544108092784882,-0.576609611511231,0.792147994041443
4.50308609008789,0.542190790176392,-0.574232280254364,0.792151033878326
4.52337098121643,0.538318812847137,-0.569426000118256,0.79216855764389
4.52421355247498,0.536404073238373,-0.567059755325317,0.792171537876129
4.56318521499634,0.528651356697083,-0.557311475276947,0.792297303676605
4.57308220863342,0.526791036128998,-0.554911732673645,0.792317569255829
4.61330461502075,0.519138157367706,-0.545383632183075,0.792350351810455
4.6230947971344,0.513544738292694,-0.538344383239746,0.792221069335938
4.65320634841919,0.507925033569336,-0.531130254268646,0.792280554771423
4.6628360748291,0.504097163677216,-0.526390075683594,0.792270839214325
4.69326782226563,0.500256538391113,-0.521606385707855,0.792251408100128
4.69425964355469,0.496424674987793,-0.516819298267365,0.792305648326874
4.72318339347839,0.492511242628098,-0.51189136505127,0.792506039142608
4.73317384719849,0.488658219575882,-0.50712126493454,0.792534291744232
4.76317119598389,0.482871890068054,-0.499893844127655,0.792552649974823
4.77311611175537,0.479002982378006,-0.495061725378037,0.792635023593903
4.80317521095276,0.47325611114502,-0.487783163785934,0.792654514312744
4.81323504447937,0.471316486597061,-0.48531386256218,0.792716026306152
4.83324193954468,0.46549180150032,-0.477974086999893,0.79275906085968
4.83435082435608,0.463493585586548,-0.475561380386353,0.792821526527405
4.86322736740112,0.459523618221283,-0.47067978978157,0.792892754077911
4.87321448326111,0.457548648118973,-0.468248754739761,0.792949259281158
4.89334297180176,0.451575726270676,-0.460876017808914,0.793065547943115
4.903235912323,0.449587047100067,-0.45841246843338,0.793114185333252
4.91332292556763,0.445594787597656,-0.453520447015762,0.79313737154007
4.92312264442444,0.443598568439484,-0.451028615236282,0.793254494667053
4.95306777954102,0.437527716159821,-0.4436916410923,0.793432474136352
4.95414423942566,0.435511767864227,-0.441268652677536,0.793442189693451
4.9830527305603,0.429433733224869,-0.43391427397728,0.793689370155335
4.99310684204102,0.427450627088547,-0.431422561407089,0.793722271919251
5.01291608810425,0.423379421234131,-0.426503956317902,0.79388815164566
5.01389837265015,0.419289290904999,-0.421596586704254,0.794044613838196
5.04316854476929,0.415167301893234,-0.416687995195389,0.794200837612152
5.05302262306213,0.411013901233673,-0.411829650402069,0.794344961643219
5.0729022026062,0.406827092170715,-0.406888604164124,0.794510245323181
5.08286499977112,0.404712349176407,-0.404396325349808,0.79463666677475
5.10288286209106,0.400446385145187,-0.399499356746674,0.794829726219177
5.11301064491272,0.39626681804657,-0.394572198390961,0.794970154762268
5.13287830352783,0.39205738902092,-0.389656841754913,0.795204520225525
5.14317774772644,0.389925688505173,-0.387225836515427,0.795290112495422
5.16300368309021,0.385684788227081,-0.382322132587433,0.795485556125641
5.17284488677979,0.383612722158432,-0.379888087511063,0.795609295368195
5.18316245079041,0.379405170679092,-0.375044465065002,0.795705378055573
5.19314670562744,0.377258718013763,-0.372631728649139,0.795835137367249
5.22374796867371,0.370888143777847,-0.365411311388016,0.79611611366272
5.22456216812134,0.368747532367706,-0.362949937582016,0.796179711818695
5.24320697784424,0.364488929510117,-0.358118504285812,0.796337902545929
5.25301074981689,0.360205709934235,-0.353312134742737,0.796519279479981
5.28317475318909,0.355922788381577,-0.348496943712234,0.796680092811585
5.29343628883362,0.351629942655563,-0.343619734048843,0.796778917312622
5.31313729286194,0.347374886274338,-0.338766127824783,0.796962559223175
5.32315158843994,0.343090236186981,-0.334004789590836,0.797124743461609
5.34397292137146,0.338951140642166,-0.329254537820816,0.797207176685333
5.35295987129211,0.33678662776947,-0.326787203550339,0.797275543212891
5.38307404518127,0.330447942018509,-0.319635808467865,0.797432005405426
5.39330697059631,0.326274335384369,-0.314922749996185,0.79753053188324
5.41356492042542,0.322109401226044,-0.310179442167282,0.797592639923096
5.42313861846924,0.317907989025116,-0.305426776409149,0.797698259353638
5.44369435310364,0.313781052827835,-0.300710260868072,0.797820746898651
5.45322418212891,0.311688929796219,-0.298306435346603,0.797869324684143
5.48317670822144,0.305544197559357,-0.291249454021454,0.797926425933838
5.49321007728577,0.301443427801132,-0.286614269018173,0.798005163669586
5.51320099830627,0.295330584049225,-0.279580920934677,0.798004627227783
5.53309988975525,0.293340235948563,-0.277283281087875,0.797998547554016
5.56312870979309,0.283303022384644,-0.265734434127808,0.797995090484619
5.57312417030335,0.281299948692322,-0.263408184051514,0.797951638698578
5.59346747398376,0.277311056852341,-0.258914083242416,0.797886252403259
5.60304307937622,0.275324165821075,-0.256561756134033,0.797904193401337
5.64284682273865,0.267406612634659,-0.24755097925663,0.797683656215668
5.64370679855347,0.263491630554199,-0.243090480566025,0.797497987747192
5.66289567947388,0.259511828422546,-0.238658025860786,0.797355890274048
5.67297649383545,0.257529944181442,-0.236456856131554,0.797303974628449
5.70287013053894,0.25152376294136,-0.229804500937462,0.797075986862183
5.71302080154419,0.24959360063076,-0.227584958076477,0.797007501125336
5.7331337928772,0.241561979055405,-0.218872472643852,0.796547055244446
5.74298906326294,0.239518374204636,-0.216743543744087,0.796429455280304
5.77292490005493,0.235524341464043,-0.212477028369904,0.796193063259125
5.78289842605591,0.233550846576691,-0.21035572886467,0.796096861362457
5.80304193496704,0.227548390626907,-0.204048320651054,0.795750319957733
5.81316494941711,0.225517019629478,-0.201896086335182,0.795661091804504
5.84312772750855,0.219504550099373,-0.195645540952683,0.79532927274704
5.86294722557068,0.215594962239265,-0.191625207662582,0.795048713684082
5.89305782318115,0.207619830965996,-0.18361958861351,0.794756472110748
5.90371012687683,0.203650385141373,-0.179601848125458,0.794554829597473
5.92289090156555,0.197718724608421,-0.173627406358719,0.794240891933441
5.93253469467163,0.195740878582001,-0.171651616692543,0.794186651706696
5.96304869651794,0.19172939658165,-0.167801439762115,0.794028282165527
5.97303032875061,0.185877904295921,-0.16198493540287,0.793804109096527
5.99325370788574,0.1820949614048,-0.158255204558373,0.793600261211395
6.00302720069885,0.180202230811119,-0.156354248523712,0.793528735637665
6.0228955745697,0.176396608352661,-0.152741953730583,0.793424487113953
6.03286170959473,0.172588005661964,-0.149145990610123,0.793281435966492
6.05305647850037,0.167050555348396,-0.143842101097107,0.793005883693695
6.06294274330139,0.165232434868813,-0.142082437872887,0.792920649051666
6.0830283164978,0.159837633371353,-0.136921152472496,0.792826771736145
6.09345316886902,0.158049136400223,-0.135266959667206,0.792737662792206
6.12347793579102,0.154568150639534,-0.131916210055351,0.79262512922287
6.13313937187195,0.151066392660141,-0.128635540604591,0.792476892471314
6.15330410003662,0.145874351263046,-0.123859502375126,0.792372822761535
6.16316056251526,0.144181936979294,-0.122277498245239,0.792294800281525
6.19332885742188,0.140858069062233,-0.119144022464752,0.792183518409729
6.20316886901856,0.13755339384079,-0.115647919476032,0.792400240898132
6.23314619064331,0.132722347974777,-0.111122816801071,0.792264223098755
6.24314594268799,0.129434481263161,-0.108091771602631,0.792216777801514
6.27315759658814,0.124920859932899,-0.103762276470661,0.79216718673706
6.28319001197815,0.121998429298401,-0.100959695875645,0.792154967784882
6.30326747894287,0.119079165160656,-0.098222978413105,0.792156040668487
6.32317733764648,0.117671653628349,-0.096898600459099,0.792131304740906
6.3436164855957,0.112162098288536,-0.091640055179596,0.792097747325897
6.35291814804077,0.110915884375572,-0.090374402701855,0.792164087295532
6.3732635974884,0.107354260981083,-0.086779363453388,0.792204320430756
6.38336610794067,0.106310322880745,-0.085681803524494,0.792212009429931
6.40307641029358,0.104460038244724,-0.083793520927429,0.792199552059174
6.42288279533386,0.102596364915371,-0.082215547561646,0.791963577270508
6.46284079551697,0.099050290882588,-0.078572563827038,0.791837453842163
6.47307777404785,0.096430011093617,-0.075922802090645,0.79187273979187
6.50313591957092,0.094061493873596,-0.073444195091724,0.791880011558533
6.51241612434387,0.092678494751453,-0.071853064000607,0.791919589042664
6.55311489105225,0.090796820819378,-0.069510638713837,0.792123675346375
6.57300114631653,0.089581467211247,-0.068102903664112,0.792218327522278
6.59321045875549,0.088099755346775,-0.066270716488361,0.792218089103699
6.60288047790527,0.087575688958168,-0.065547771751881,0.792197585105896
6.63302874565125,0.087168909609318,-0.064904570579529,0.792262017726898
6.65286087989807,0.086785443127155,-0.064396664500237,0.792252004146576
6.67285633087158,0.086444340646267,-0.0637117177248,0.792301595211029
6.68298673629761,0.086266271770001,-0.063339769840241,0.792330384254456
6.71289372444153,0.086179785430431,-0.062967650592327,0.792387902736664
6.73297333717346,0.086223945021629,-0.062813505530357,0.792421340942383
6.76306414604187,0.086499609053135,-0.062672816216946,0.792589247226715
6.77288389205933,0.086696073412895,-0.06271118670702,0.792649805545807
6.79315519332886,0.086968533694744,-0.062774047255516,0.792712092399597
6.81279039382935,0.08722860366106,-0.062877967953682,0.792760074138641
6.85308861732483,0.087956123054028,-0.063249737024307,0.792783498764038
6.86300325393677,0.088322199881077,-0.063528500497341,0.792796313762665
6.88305139541626,0.088971212506294,-0.063892401754856,0.792851328849793
6.89285326004028,0.089461363852024,-0.064183823764324,0.79292756319046
6.92302799224854,0.09032978117466,-0.064888939261437,0.792940258979797
6.93295764923096,0.090610630810261,-0.065103314816952,0.792934119701386
6.94356632232666,0.091146305203438,-0.065490387380123,0.792974889278412
6.9529709815979,0.091438390314579,-0.065736852586269,0.792967557907105
6.98271560668945,0.092111267149448,-0.066264674067497,0.792903304100037
7.0032811164856,0.092679157853127,-0.066753089427948,0.792870461940765
7.01329755783081,0.093712598085404,-0.0676184669137,0.792903006076813
7.02303147315979,0.094047479331493,-0.067869178950787,0.792938113212585
7.03316450119019,0.094734825193882,-0.068376697599888,0.792946636676788
7.04335856437683,0.095094420015812,-0.068693123757839,0.792926669120789
7.07311296463013,0.095770463347435,-0.069302104413509,0.792867124080658
7.0832200050354,0.096520058810711,-0.069842964410782,0.792874813079834
7.10309839248657,0.097219996154308,-0.070518426597118,0.792847812175751
7.11327338218689,0.097584247589111,-0.070829093456268,0.792840301990509
7.12375473976135,0.098358541727066,-0.071415118873119,0.792884290218353
7.13317155838013,0.098708659410477,-0.071758143603802,0.792884588241577
7.15318965911865,0.099429965019226,-0.072434633970261,0.792911112308502
7.16314315795898,0.099803879857063,-0.072749383747578,0.79293566942215
7.17314004898071,0.100541934370995,-0.073455236852169,0.792947053909302
7.18310356140137,0.100909166038036,-0.073815114796162,0.792941927909851
7.20313930511475,0.101654775440693,-0.074519865214825,0.7929567694664
7.22333288192749,0.102448955178261,-0.075211897492409,0.793071150779724
7.23312330245972,0.103626295924187,-0.076209641993046,0.793167471885681
7.24314737319946,0.104030542075634,-0.076553873717785,0.793145298957825
7.28312110900879,0.105134591460228,-0.077696911990643,0.793060421943665
7.30318593978882,0.105999119579792,-0.078245989978314,0.79317182302475
7.32324719429016,0.107170440256596,-0.079147458076477,0.793273448944092
7.33312177658081,0.10798230022192,-0.079746805131435,0.793374359607697
7.37311577796936,0.109014481306076,-0.080576702952385,0.793506801128387
7.38301658630371,0.110085852444172,-0.081257082521916,0.7938591837883
7.41293168067932,0.111375406384468,-0.082367159426212,0.794144451618195
7.42291831970215,0.111687228083611,-0.08264646679163,0.794227421283722
7.45288634300232,0.112600117921829,-0.083291843533516,0.794499635696411
7.47312688827515,0.113169595599175,-0.083826668560505,0.794713914394379
7.49296879768372,0.114089280366898,-0.084597729146481,0.794957518577576
7.50298738479614,0.114353477954865,-0.084816239774227,0.795062124729157
7.53285121917725,0.115443535149097,-0.085643291473389,0.795510351657867
7.54316926002502,0.115684658288956,-0.085817955434322,0.795663475990295
7.55291175842285,0.116182640194893,-0.086154349148274,0.795898735523224
7.5628936290741,0.116421438753605,-0.086368411779404,0.79599130153656
7.59305167198181,0.117070980370045,-0.086840212345123,0.796355664730072
7.60294342041016,0.11752837151289,-0.087163589894772,0.796655297279358
7.62300038337708,0.117910169064999,-0.08750818669796,0.796909749507904
7.63299441337585,0.118077471852303,-0.08767394721508,0.797019064426422
7.65315842628479,0.118397504091263,-0.088039971888065,0.797226488590241
7.66287779808044,0.118559159338474,-0.088215671479702,0.797334313392639
7.6929087638855,0.119063012301922,-0.088838897645474,0.797918736934662
7.69390392303467,0.119185879826546,-0.088999718427658,0.798059999942779
7.71349358558655,0.119402132928371,-0.089329563081265,0.798358082771301
7.71454429626465,0.119499318301678,-0.089493677020073,0.798481345176697
7.7329888343811,0.119700737297535,-0.089831598103047,0.798738420009613
7.7428629398346,0.119786255061626,-0.089978709816933,0.798888862133026
7.76314616203308,0.119918309152126,-0.090329207479954,0.799150466918945
7.77353477478027,0.120037458837032,-0.090569727122784,0.799234211444855
7.80330276489258,0.120195664465427,-0.091052979230881,0.799558877944946
7.81330156326294,0.120283134281635,-0.0912966132164,0.799761056900024
7.82304310798645,0.120347931981087,-0.091577239334583,0.800087809562683
7.83318758010864,0.120391339063644,-0.091692976653576,0.800246179103851
7.86315751075745,0.120472326874733,-0.091988608241081,0.800504863262177
7.86405444145203,0.120521731674671,-0.092112004756928,0.800640285015106
7.88316822052002,0.120604917407036,-0.092497609555721,0.800966441631317
7.89309310913086,0.120615780353546,-0.092606566846371,0.80109828710556
7.91321539878845,0.12063205987215,-0.092873394489288,0.801242172718048
7.92312026023865,0.120599746704102,-0.092998400330544,0.801327526569366
7.9531261920929,0.120523735880852,-0.09322452545166,0.801551580429077
7.96318626403809,0.120431013405323,-0.093419410288334,0.8017857670784
7.99331259727478,0.120199754834175,-0.09386220574379,0.802212238311768
8.00325441360474,0.120109871029854,-0.094012126326561,0.80230849981308
8.02307772636414,0.119969375431538,-0.094159446656704,0.802495062351227
8.03305554389954,0.119840040802956,-0.094293653964996,0.802656650543213
8.05348253250122,0.119673274457455,-0.094439171254635,0.802837312221527
8.06295537948608,0.119483605027199,-0.094583079218865,0.803058683872223
8.08296728134155,0.11927093565464,-0.094646297395229,0.803273558616638
8.09296464920044,0.119111955165863,-0.094704292714596,0.803398966789246
8.11299276351929,0.118825569748878,-0.094797894358635,0.803610444068909
8.11402058601379,0.118691220879555,-0.094872623682022,0.803703784942627
8.15311002731323,0.118097595870495,-0.095109365880489,0.804035782814026
8.16288185119629,0.117714270949364,-0.095117770135403,0.804258644580841
8.19327974319458,0.116785354912281,-0.095237530767918,0.804722011089325
8.21313309669495,0.116301544010639,-0.095373041927815,0.804940760135651
8.23300433158875,0.115514703094959,-0.095494225621224,0.80529773235321
8.23393535614014,0.11528729647398,-0.095514960587025,0.805386900901794
8.2629725933075,0.114787884056568,-0.095526695251465,0.805561602115631
8.27294182777405,0.114234566688538,-0.095599479973316,0.805788338184357
8.28284072875977,0.11368104070425,-0.095640987157822,0.806009352207184
8.29305505752564,0.113408207893372,-0.095642752945423,0.80610978603363
8.31290411949158,0.112777024507523,-0.095769308507443,0.806296586990356
8.3138370513916,0.112505704164505,-0.095808252692223,0.806391716003418
8.33294248580933,0.111899353563786,-0.09588123857975,0.80663526058197
8.34342265129089,0.111592419445515,-0.095877036452293,0.806784629821777
8.36284184455872,0.110968716442585,-0.095990419387817,0.806907415390015
8.3828866481781,0.110611811280251,-0.096058636903763,0.807019710540772
8.41321015357971,0.109331235289574,-0.096177518367767,0.807433485984802
8.42295956611633,0.109026171267033,-0.096221901476383,0.807543396949768
8.45311403274536,0.107759840786457,-0.096390411257744,0.807784736156464
8.46292686462402,0.107116498053074,-0.096464961767197,0.807906091213226
8.48306608200073,0.106449514627457,-0.096528448164463,0.808048129081726
8.49312043190002,0.105774611234665,-0.09652828425169,0.808155357837677
8.51290202140808,0.105050630867481,-0.09657645970583,0.808214366436004
8.52293658256531,0.104744538664818,-0.096619941294193,0.80824625492096
8.54313921928406,0.104177318513393,-0.09665422141552,0.808348298072815
8.54428958892822,0.103855349123478,-0.096680842339993,0.808401823043823
8.57302165031433,0.103159159421921,-0.096615165472031,0.808594644069672
8.59301710128784,0.10242935270071,-0.096584528684616,0.808736443519592
8.61317467689514,0.101035788655281,-0.096434406936169,0.808940410614014
8.62361073493958,0.1006890386343,-0.09637850522995,0.808983862400055
8.64310908317566,0.099925979971886,-0.096196591854096,0.809113919734955
8.6530921459198,0.099521242082119,-0.096107371151447,0.809152185916901
8.69340181350708,0.097935900092125,-0.095638938248158,0.809441149234772
8.70311880111694,0.097141236066818,-0.095272250473499,0.809558868408203
8.71305060386658,0.096316993236542,-0.094859801232815,0.809592485427856
8.73302483558655,0.095911949872971,-0.09462071955204,0.809588372707367
8.7629542350769,0.094525776803494,-0.093942947685719,0.809773981571198
8.78291535377502,0.093571804463863,-0.093413144350052,0.809919595718384
8.80299639701843,0.091588236391544,-0.092028997838497,0.8100745677948
8.81288146972656,0.091086179018021,-0.09164209663868,0.810125827789306
8.8430655002594,0.088913634419441,-0.089974276721478,0.810340642929077
8.8528573513031,0.088345967233181,-0.089501939713955,0.810400605201721
8.88298439979553,0.085865885019302,-0.087481588125229,0.810598731040955
8.89303803443909,0.085201427340508,-0.08686326444149,0.810679495334625
8.93313694000244,0.082626394927502,-0.084458440542221,0.810928046703339
8.94303679466248,0.081251695752144,-0.083111464977264,0.811021327972412
8.96317315101624,0.078985668718815,-0.080918848514557,0.8112952709198
8.97312498092651,0.078268311917782,-0.080227077007294,0.81141585111618
8.98283195495606,0.076650254428387,-0.078705079853535,0.811605215072632
9.00299310684204,0.075847037136555,-0.077832020819187,0.811657130718231
9.02288508415222,0.073474988341332,-0.07547889649868,0.811899662017822
9.03294539451599,0.071838356554508,-0.073760077357292,0.812100410461426
9.06287384033203,0.069197483360767,-0.070975661277771,0.812334179878235
9.07280969619751,0.068302288651466,-0.070012278854847,0.81243246793747
9.09307479858398,0.066472448408604,-0.067992612719536,0.812636613845825
9.11303567886353,0.065517544746399,-0.067112639546394,0.812656819820404
9.13293504714966,0.061683904379606,-0.062894426286221,0.812933743000031
9.14313697814941,0.059698786586523,-0.06074134260416,0.812951862812042
9.1628429889679,0.057646360248327,-0.058519646525383,0.81305456161499
9.1728777885437,0.056638732552528,-0.057392492890358,0.813124895095825
9.20298314094543,0.054482292383909,-0.055279448628426,0.813069701194763
9.21314740180969,0.051376286894083,-0.051587179303169,0.813271820545197
9.23294019699097,0.049233227968216,-0.049299750477076,0.813334345817566
9.24242329597473,0.047036979347468,-0.047061517834663,0.81326812505722
9.2731568813324,0.044830173254013,-0.044602233916521,0.81331479549408
9.28309917449951,0.042632088065147,-0.04212661832571,0.813290059566498
9.30292725563049,0.040427923202515,-0.039495948702097,0.813427925109863
9.30391979217529,0.039365530014038,-0.038287930190563,0.813441812992096
9.33305525779724,0.037095341831446,-0.035926688462496,0.813308894634247
9.35307884216309,0.034865289926529,-0.033437285572291,0.813291728496552
9.37313199043274,0.031497675925493,-0.029642071574926,0.813208162784576
9.39324045181274,0.029308883473277,-0.027176033705473,0.813170671463013
9.41323637962341,0.025960249826312,-0.023389412090182,0.813129782676697
9.423006772995,0.023737665265799,-0.020867366343737,0.813081204891205
9.45255279541016,0.020462719723582,-0.017175525426865,0.813019335269928
9.45349478721619,0.019374782219529,-0.015946323052049,0.813024282455444
9.48287582397461,0.017263984307647,-0.013529444113374,0.812983274459839
9.48394703865051,0.015120430849493,-0.011042541824281,0.812850415706635
9.51305484771729,0.01307918317616,-0.008640202693641,0.812824964523315
9.5229024887085,0.012007002718747,-0.007422188296914,0.812807977199554
9.54322123527527,0.009029698558152,-0.003948004450649,0.812757909297943
9.55309915542603,0.007059663068503,-0.00165059720166,0.812675356864929
9.57288789749146,0.005107578355819,0.00063338218024,0.812645256519318
9.59303331375122,0.00412921840325,0.001775487908162,0.812623739242554
9.61298751831055,0.001261951867491,0.005128807853907,0.812596201896668
9.61391019821167,0.000379700824851,0.006224277894944,0.812540709972382
9.6431200504303,-0.002394248265773,0.009548475965858,0.812412142753601
9.65299081802368,-0.003228894202039,0.010677742771804,0.812398672103882
9.67284774780273,-0.005895998328924,0.013837538659573,0.812219440937042
9.68289947509766,-0.006740165408701,0.014898062683642,0.812199473381043
9.71301555633545,-0.009272101335227,0.018055979162455,0.812012612819672
9.7230441570282,-0.010799980722368,0.019982283934951,0.811839640140533
9.7530529499054,-0.012830500490964,0.022554110735655,0.811548233032227
9.76298093795776,-0.014032168313861,0.024096669629216,0.811293005943298
9.78287363052368,-0.015210497193039,0.0255411490798,0.811037063598633
9.79322290420532,-0.015812762081623,0.026269411668182,0.810901880264282
9.82308459281921,-0.017494408413768,0.028545336797834,0.810570299625397
9.83293867111206,-0.018630564212799,0.029895907267928,0.810245215892792
9.87313532829285,-0.020154995843768,0.031922891736031,0.80974268913269
9.88292384147644,-0.021580396220088,0.033817183226347,0.809226512908935
9.912766456604,-0.022832868620753,0.035541504621506,0.808652698993683
9.92306399345398,-0.023208441212773,0.036046244204044,0.808479070663452
9.95323610305786,-0.024585032835603,0.037731844931841,0.807663202285767
9.96297073364258,-0.024866189807654,0.038120612502098,0.807505071163178
9.99281239509583,-0.025883523747325,0.039385866373777,0.806629240512848
9.99369168281555,-0.026085497811437,0.039671588689089,0.806410789489746
10.0229153633118,-0.026479782536626,0.040175907313824,0.806046724319458
10.0328907966614,-0.026822295039892,0.040574729442597,0.805674552917481
10.0629460811615,-0.027287794277072,0.041019562631846,0.804979801177979
10.0832028388977,-0.027466366067529,0.041164189577103,0.804748356342316
10.1029441356659,-0.027896286919713,0.041634362190962,0.803987085819244
10.1130573749542,-0.027987970039249,0.041721235960722,0.803763031959534
10.1330318450928,-0.028330707922578,0.041976571083069,0.80308210849762
10.14315533638,-0.028408415615559,0.042007431387901,0.80287504196167
10.1629185676575,-0.028529841452837,0.042104870080948,0.802464783191681
10.1829905509949,-0.028597736731172,0.042145144194365,0.802059352397919
10.2132892608643,-0.028672924265266,0.04209778085351,0.801254868507385
10.2232260704041,-0.02868583239615,0.042051538825035,0.801064372062683
10.2432727813721,-0.028694190084934,0.041945971548557,0.800400733947754
10.2532260417938,-0.028664324432612,0.041917752474547,0.800204813480377
10.2834260463715,-0.028555540367961,0.04169999435544,0.799615561962128
10.2933049201965,-0.028397569432855,0.041514117270708,0.799249470233917
10.3030314445496,-0.028354236856103,0.041446976363659,0.799048125743866
10.3232889175415,-0.028117872774601,0.041129015386105,0.79849511384964
10.3330466747284,-0.028030227869749,0.041008122265339,0.798296391963959
10.3530955314636,-0.027751855552197,0.040548387914896,0.797666490077972
10.3630146980286,-0.02762145921588,0.040375392884016,0.797442376613617
10.3932039737701,-0.02737925760448,0.040064230561257,0.796952247619629
10.4032957553864,-0.027103390544653,0.039767153561115,0.796537578105927
10.4130890369415,-0.026947105303407,0.039607554674149,0.796337962150574
10.443284034729,-0.026166308671236,0.038794361054897,0.795449197292328
10.4630386829376,-0.025983355939388,0.038613598793745,0.795241892337799
10.4830961227417,-0.025335818529129,0.038008447736502,0.794562339782715
10.4932255744934,-0.024859793484211,0.037526044994593,0.794040560722351
10.5031962394714,-0.024631455540657,0.037326335906983,0.79373687505722
10.522967338562,-0.024117531254888,0.036883268505335,0.793102741241455
10.5330593585968,-0.02382305637002,0.036696709692478,0.792749166488647
10.553103685379,-0.023052453994751,0.036014299839735,0.791509807109833
10.5631098747253,-0.022780910134316,0.035779256373644,0.791060328483581
10.5934159755707,-0.021668113768101,0.034878455102444,0.78906923532486
10.6030583381653,-0.021384114399552,0.03459419682622,0.788533926010132
10.6331212520599,-0.020508484914899,0.03386876359582,0.786522209644318
10.6433126926422,-0.019899547100067,0.033360209316015,0.785100519657135
10.6832463741302,-0.018719090148807,0.032567620277405,0.781858563423157
10.6932399272919,-0.018119918182492,0.032011665403843,0.779868304729462
10.7334623336792,-0.016912817955017,0.031061513349414,0.775545299053192
10.7431728839874,-0.016346495598555,0.030589561909437,0.773027420043945
10.7731463909149,-0.015456418506801,0.029957009479404,0.768905639648438
10.7831859588623,-0.014879553578794,0.02960810251534,0.765967428684235
10.8030588626862,-0.01426478009671,0.029209760949016,0.762651741504669
10.8130919933319,-0.013689333572984,0.028794001787901,0.759290397167206
10.8330729007721,-0.013057560659945,0.028452502563596,0.755608320236206
10.8432273864746,-0.012761874124408,0.028310669586063,0.753701210021973
10.8629121780396,-0.012223452329636,0.027952754870057,0.749752283096314
10.8838088512421,-0.011691018007696,0.027619207277894,0.745474517345428
10.9136373996735,-0.010963096283376,0.027116186916828,0.738659918308258
10.9229567050934,-0.01022123079747,0.02665594406426,0.731326937675476
10.9529571533203,-0.009771692566574,0.026383962482214,0.72608894109726
10.963107585907,-0.009320504032075,0.026179157197476,0.720735669136047
10.97309923172,-0.008841503411531,0.025968058034778,0.715192973613739
10.9933774471283,-0.008632653392851,0.025903323665261,0.712371230125427
11.0231420993805,-0.007541854400188,0.025583542883396,0.697353959083557
11.0331747531891,-0.007351795211434,0.025548392906785,0.694299697875977
11.0531105995178,-0.006756783928722,0.025334121659398,0.684712409973145
11.0631325244904,-0.006545916665345,0.025313168764114,0.68141233921051
11.0831937789917,-0.006037829443812,0.025232274085283,0.671497106552124
11.0930886268616,-0.005883572623134,0.02521731518209,0.668092608451843
11.1131813526154,-0.005601667799056,0.025118667632341,0.66126424074173
11.1331441402435,-0.005455520469695,0.025063388049603,0.657833755016327
11.1431770324707,-0.005078713409603,0.025042910128832,0.647272050380707
11.1534414291382,-0.004911068826914,0.025103215128183,0.643732786178589
11.1730802059174,-0.004654542542994,0.025156246498227,0.636643469333649
11.1832647323608,-0.00455008354038,0.025175131857395,0.632972478866577
11.2031307220459,-0.004292539320886,0.025216348469257,0.625721573829651
11.2040588855743,-0.004174833185971,0.025275720283389,0.622075378894806
11.2231104373932,-0.004003092180938,0.025378109887242,0.614677131175995
11.2329604625702,-0.0038792937994,0.025455687195063,0.610969424247742
11.2529809474945,-0.003707042196766,0.025581054389477,0.603462815284729
11.2628931999207,-0.003474619472399,0.025668997317553,0.595996201038361
11.2828984260559,-0.003350219456479,0.025816647335887,0.588395774364471
11.2930948734283,-0.003279769094661,0.025854019448161,0.584627687931061
11.3131697177887,-0.003042825963348,0.026005897670984,0.573145687580109
11.3233022689819,-0.002952716080472,0.026047201827169,0.5693678855896
11.3531959056854,-0.002797073684633,0.026356963440776,0.557771921157837
11.3542220592499,-0.002762058516964,0.026425452902913,0.55400025844574
11.3832638263702,-0.002633588854223,0.026726501062512,0.542339622974396
11.3933444023132,-0.002594160148874,0.026769937947393,0.538465678691864
11.4131827354431,-0.002538774861023,0.026939183473587,0.530660629272461
11.4141399860382,-0.002499609487131,0.027080217376351,0.526807308197022
11.4431176185608,-0.00245278282091,0.027352681383491,0.515146553516388
11.4440786838532,-0.002452492946759,0.027507737278938,0.511274456977844
11.4626877307892,-0.002394885057583,0.027689702808857,0.503454864025116
11.4731636047363,-0.002383119426668,0.02782504633069,0.499545395374298
11.4832148551941,-0.00237952452153,0.028015924617648,0.495712280273438
11.5132057666779,-0.002381014404818,0.028338829055429,0.483996093273163
11.5141735076904,-0.002400126075372,0.02850834466517,0.480078339576721
11.543511390686,-0.002414569491521,0.028910178691149,0.468380659818649
11.5530383586884,-0.002409905660898,0.029067944735289,0.464449226856232
11.5732271671295,-0.002468980383128,0.029561622068286,0.452795028686523
11.5932095050812,-0.002516641514376,0.029682155698538,0.448852360248566
11.6230452060699,-0.002626335248351,0.030428569763899,0.433245152235031
11.6239528656006,-0.002708555664867,0.030629184097052,0.429331660270691
11.6530492305756,-0.002839746885002,0.031182745471597,0.417642891407013
11.6632165908813,-0.002870212541893,0.031328815966845,0.413712859153748
11.68319272995,-0.00300972815603,0.031950235366821,0.402013182640076
11.6933834552765,-0.003072486491874,0.032144773751497,0.398189008235931
11.7133228778839,-0.003164370544255,0.032803926616907,0.386483758687973
11.7233071327209,-0.003210959490389,0.032997399568558,0.382657825946808
11.753219127655,-0.003385964082554,0.033626299351454,0.371046632528305
11.7632155418396,-0.003446893766522,0.033849388360977,0.367248028516769
11.7928569316864,-0.003682284150273,0.034726172685623,0.351787865161896
11.8031601905823,-0.003802686464041,0.035207744687796,0.344272464513779
11.8239042758942,-0.003970905672759,0.035679262131453,0.336692035198212
11.8331067562103,-0.00399591261521,0.035845659673214,0.332839637994766
11.8431463241577,-0.004059454891831,0.036174517124891,0.329099953174591
11.8731498718262,-0.004249869380146,0.036839183419943,0.317803502082825
11.883241891861,-0.004386904183775,0.03735451027751,0.310228228569031
11.9031360149384,-0.004562875255942,0.038150493055582,0.298926204442978
11.9232861995697,-0.004617686849087,0.038401365280151,0.295187622308731
11.9432015419006,-0.004850565921515,0.039128266274929,0.283868789672852
11.9532463550568,-0.004975887946785,0.039590276777744,0.276381462812424
11.9831233024597,-0.005100621376187,0.040065914392471,0.268951147794723
11.9931848049164,-0.005198918282986,0.040503926575184,0.26159206032753
12.023077249527,-0.005345284473151,0.041181161999703,0.250389575958252
12.0331418514252,-0.005464340560138,0.04168375954032,0.243060559034348
12.0531344413757,-0.005540531128645,0.042427226901054,0.232042640447617
12.073310136795,-0.005597742740065,0.042656671255827,0.228431165218353
12.0932450294495,-0.005758239421994,0.043405845761299,0.217604339122772
12.1031346321106,-0.005863161291927,0.043909214437008,0.210466682910919
12.1231353282928,-0.005978350061923,0.044312432408333,0.203165873885155
12.1431946754456,-0.006050831172615,0.044466707855463,0.199676409363747
12.1631731987,-0.00621671974659,0.045388851314783,0.189242243766785
12.1732618808746,-0.006272611673921,0.045591320842505,0.185798734426498
12.2033305168152,-0.006344533059746,0.046197939664126,0.175480470061302
12.2131061553955,-0.006468134000897,0.046738386154175,0.168753772974014
12.2234742641449,-0.006529610138386,0.047223679721356,0.162225261330605
12.2530405521393,-0.006561492104083,0.048055659979582,0.152581408619881
12.2630376815796,-0.006476908922195,0.048640921711922,0.146303847432137
12.2932677268982,-0.00652975263074,0.049457512795925,0.137298032641411
12.302934885025,-0.006532003637403,0.049677025526762,0.134219795465469
12.3231861591339,-0.006530152168125,0.050556045025587,0.125585809350014
12.3328957557678,-0.006604498717934,0.05071796104312,0.122586235404015
12.3630537986755,-0.006344811059535,0.05179462954402,0.114555887877941
12.3730573654175,-0.00624514138326,0.052236769348383,0.109008811414242
12.4131021499634,-0.006061300169677,0.053444389253855,0.098749123513699
12.4329869747162,-0.005956851411611,0.054009091109037,0.093939773738384
12.4529886245728,-0.005860848817974,0.054787993431091,0.086961649358273
12.4734456539154,-0.005844215862453,0.055159986019135,0.082722872495651
12.4931342601776,-0.005640149582177,0.05639922991395,0.076547257602215
12.513170003891,-0.005105255171657,0.058201104402542,0.073840074241161
12.5429077148438,-0.004983993247151,0.062632404267788,0.074152424931526
12.5629498958588,-0.004810660146177,0.06311771273613,0.075176954269409
12.5829076766968,-0.004583477973938,0.063616700470448,0.076238468289375
12.6132094860077,-0.004254103638232,0.06521512567997,0.077275849878788
12.6230177879334,-0.004288429394364,0.065902009606361,0.076807677745819
12.6431903839111,-0.004169421736151,0.066697113215923,0.075733259320259
12.6528646945953,-0.003660102142021,0.067799873650074,0.074041686952114
12.6929895877838,-0.001954545499757,0.069825701415539,0.072919853031635
12.7130575180054,-0.001787034212612,0.070618949830532,0.073116682469845
12.7329092025757,-0.001336980494671,0.071213059127331,0.073258012533188
12.7529492378235,-0.000804859446362,0.071899645030499,0.072832271456719
12.7828712463379,-0.001583578414284,0.073169365525246,0.0726802572608
12.7931685447693,-0.001994816120714,0.073943465948105,0.0726717710495
12.8230288028717,-0.002031239913777,0.074005402624607,0.072593584656715
12.8330914974213,-0.001950622070581,0.074022501707077,0.072610571980476
12.8430066108704,-0.002018566709012,0.073986999690533,0.072605170309544
12.8730092048645,-0.002013949910179,0.074039027094841,0.072595618665218
12.8829252719879,-0.001940497546457,0.074112176895142,0.072636730968952
12.9129736423492,-0.001857484690845,0.073927231132984,0.07262272387743
12.9230139255524,-0.001849638181739,0.073860809206963,0.072626546025276
12.9330835342407,-0.001835864735767,0.07384105026722,0.072602175176144
12.942991733551,-0.001785537344404,0.073800519108772,0.072601139545441
12.9630773067474,-0.001755209057592,0.073777288198471,0.072595588862896
12.9731183052063,-0.00171868619509,0.073725044727326,0.072592243552208
12.9831228256226,-0.001613698317669,0.07357370108366,0.072519809007645
13.0031456947327,-0.001528049819171,0.073604770004749,0.072532288730145
13.02299284935,-0.001495316275395,0.073445342481136,0.072526432573795
13.0331485271454,-0.001411501667462,0.07333742082119,0.072649970650673
13.0630674362183,-0.001351324259304,0.073233224451542,0.07260661572218
13.0732758045197,-0.001303595141508,0.073229856789112,0.072579845786095
13.0830969810486,-0.001264114049263,0.073131710290909,0.072587415575981
13.0931141376495,-0.001249859924428,0.073106706142426,0.072603635489941
13.0941245555878,-0.001203023828566,0.07307930290699,0.072586797177792
13.1131191253662,-0.001173347816803,0.073037393391132,0.07260462641716
13.1230742931366,-0.001111653051339,0.073013700544834,0.072592750191689
13.1330502033234,-0.001070671831258,0.072886891663075,0.072591796517372
13.1432638168335,-0.001061047776602,0.072903074324131,0.072569273412228
13.1531989574432,-0.001101028523408,0.07289944589138,0.072577692568302
13.1630554199219,-0.001058444497176,0.072929196059704,0.072577781975269
13.1731739044189,-0.001072675455362,0.072894752025604,0.07258091121912
13.1833024024963,-0.001064415322617,0.072930388152599,0.072592705488205
13.1929426193237,-0.001077191205695,0.072907149791718,0.072576031088829
13.2131028175354,-0.001056620036252,0.072894923388958,0.072572626173496
13.2230689525604,-0.001072554616258,0.072922430932522,0.072574332356453
13.2429177761078,-0.001071617240086,0.072913229465485,0.072592064738274
13.2440583705902,-0.001062143244781,0.072922140359879,0.072581253945828
13.2532050609589,-0.001083743060008,0.07287959754467,0.072559006512165
13.2632353305817,-0.001052844338119,0.072938449680805,0.072566024959087
13.2729964256287,-0.001095344661735,0.072914272546768,0.072577983140946
13.2934536933899,-0.001076281187125,0.072899974882603,0.072571709752083
13.3032124042511,-0.001087198616005,0.072913505136967,0.072584412992001
13.3131401538849,-0.001074357423931,0.072883367538452,0.072552546858788
13.3234293460846,-0.001027008285746,0.07291267067194,0.072554416954517
13.3331484794617,-0.001060983282514,0.072903156280518,0.072562359273434
13.3433783054352,-0.001070004771464,0.072923921048641,0.072570562362671
13.3630602359772,-0.001061622868292,0.072882153093815,0.072549767792225
13.3731400966644,-0.001046581659466,0.072912983596325,0.07256368547678
13.3834049701691,-0.001087998622097,0.072889290750027,0.072575509548187
13.3933920860291,-0.001086605014279,0.072889566421509,0.072594463825226
13.4031584262848,-0.001074704225175,0.072889372706413,0.072575703263283
13.4132430553436,-0.001094710896723,0.072894640266895,0.072537451982498
13.423312664032,-0.001081040943973,0.072916656732559,0.072567641735077
13.4332551956177,-0.00105810968671,0.072902098298073,0.072561867535114
13.44327044487,-0.001048330334015,0.072928763926029,0.07256244122982
13.4531464576721,-0.001054449705407,0.072903223335743,0.072521731257439
13.4734060764313,-0.001074247760698,0.072894774377346,0.072541236877441
13.4831612110138,-0.001078517059796,0.072892017662525,0.0725576877594
13.4933087825775,-0.00106634106487,0.072884514927864,0.07255944609642
13.5032253265381,-0.001065853168257,0.072895213961601,0.072566196322441
13.513233423233,-0.001074374536984,0.07289107888937,0.072565339505673
13.5231394767761,-0.00106656877324,0.07287447154522,0.072530463337898
13.5331039428711,-0.001038615475409,0.072922937572002,0.072559669613838
13.5432329177856,-0.001064383541234,0.072899840772152,0.072541184723377
13.5531251430511,-0.001065688789822,0.072897151112557,0.072551809251309
13.5632393360138,-0.001069414080121,0.0728929489851,0.072548076510429
13.5730628967285,-0.001039004302584,0.072896547615528,0.072551541030407
13.5829038619995,-0.001055202330463,0.07287909090519,0.072557598352432
13.5931556224823,-0.00106164929457,0.072885788977146,0.072564527392387
13.6032123565674,-0.001045236946084,0.072893664240837,0.072575688362122
13.6228730678558,-0.001035035355017,0.072923921048641,0.072551868855953
13.6330618858337,-0.001046487363055,0.072916701436043,0.072545476257801
13.6432535648346,-0.001056397217326,0.072894610464573,0.072565875947476
13.6530239582062,-0.001078659552149,0.072894155979157,0.072570338845253
13.6629478931427,-0.001040281262249,0.072908066213131,0.072564505040646
13.6731736660004,-0.001051655621268,0.072889283299446,0.072564125061035
13.6829383373261,-0.001075775013305,0.07289195805788,0.072563171386719
13.6929030418396,-0.001027277088724,0.072920985519886,0.07254321873188
13.7030613422394,-0.001060541952029,0.072887569665909,0.072571128606796
13.712340593338,-0.001019727671519,0.072915509343147,0.072568409144878
13.7230331897736,-0.001077878056094,0.072877794504166,0.072571076452732
13.7330877780914,-0.001057098153979,0.072886995971203,0.072555474936962
13.743097782135,-0.001065186341293,0.072889909148216,0.07257367670536
13.7530789375305,-0.001032517291605,0.072897255420685,0.072560273110867
13.7730240821838,-0.001055883010849,0.072903081774712,0.072544023394585
13.7739858627319,-0.001066827680916,0.072876006364822,0.072573587298393
13.7828774452209,-0.001056616310962,0.072868525981903,0.072571888566017
13.7931277751923,-0.001042514457367,0.072889901697636,0.072562798857689
13.8029670715332,-0.001074174186215,0.072876431047916,0.072570182383061
13.8131124973297,-0.00101762090344,0.072906263172627,0.072553604841232
13.8231611251831,-0.001048803445883,0.07291766256094,0.072560928761959
13.8433647155762,-0.001045642886311,0.072912946343422,0.072544999420643
13.8533446788788,-0.001051745261066,0.072888650000095,0.072553217411041
13.8631231784821,-0.001057035638951,0.072908371686936,0.072559177875519
13.8731696605682,-0.001036858418956,0.072914652526379,0.072547905147076
13.8831157684326,-0.001032650354318,0.072901248931885,0.072551891207695
13.8933773040771,-0.001029662322253,0.072911970317364,0.07254783809185
13.9032206535339,-0.001044081174769,0.072882637381554,0.072555214166641
13.913106918335,-0.001063671312295,0.072876587510109,0.072554513812065
13.9234261512756,-0.001045983168297,0.072872318327427,0.072545483708382
13.9331982135773,-0.001067099510692,0.072863169014454,0.072549074888229
13.9531304836273,-0.001061821589246,0.072850570082665,0.072559535503388
13.963182926178,-0.00103937566746,0.072889782488346,0.072548367083073
13.9730234146118,-0.001032770029269,0.072897113859654,0.072567395865917
13.9830851554871,-0.00105867930688,0.072863824665547,0.072559602558613
13.9929497241974,-0.001062203664333,0.072878643870354,0.07256693392992
14.0029878616333,-0.001052554580383,0.072869174182415,0.072560623288155
14.0130271911621,-0.001022920827381,0.072920434176922,0.072556346654892
14.0228803157806,-0.001051436061971,0.072873882949352,0.072546385228634
14.0329284667969,-0.001041402458213,0.072866797447205,0.072551362216473
14.0437133312225,-0.0010276355315,0.072900630533695,0.072530619800091
14.0531113147736,-0.001042923307978,0.072876460850239,0.072567909955978
14.0631084442139,-0.001025566016324,0.072881408035755,0.07256368547678
14.0735561847687,-0.001011506770737,0.072913281619549,0.072588309645653
14.0832140445709,-0.001044790493324,0.072911411523819,0.072593547403812
14.0932080745697,-0.001057463698089,0.072872586548328,0.072551019489765
14.103449344635,-0.001047804602422,0.072870954871178,0.072485223412514
14.1131596565247,-0.001087499549612,0.072851590812206,0.072477295994759
14.1230807304382,-0.001069728285074,0.072864092886448,0.072518527507782
14.1240689754486,-0.001026888377965,0.072887718677521,0.072514243423939
14.1434645652771,-0.001047528698109,0.072874821722508,0.072544813156128
14.1533260345459,-0.001030164305121,0.072900921106339,0.072547696530819
14.1631698608398,-0.00104838097468,0.072853267192841,0.072539523243904
14.1734251976013,-0.001049888553098,0.072869852185249,0.072558239102364
14.1832246780396,-0.001047141500749,0.072852581739426,0.072548031806946
14.1935896873474,-0.001019513001665,0.072908088564873,0.072567202150822
14.2031452655792,-0.00105809175875,0.072884768247604,0.072570234537125
14.2133572101593,-0.001051206956618,0.072890728712082,0.072554603219032
14.2232446670532,-0.001050740596838,0.072864577174187,0.072542913258076
14.2332098484039,-0.001051376224495,0.072877608239651,0.07255270332098
14.2431917190552,-0.001054260646924,0.072862163186073,0.072549298405647
14.2442409992218,-0.001015522400849,0.07289420068264,0.072561174631119
14.2629339694977,-0.001050269580446,0.0728819668293,0.072579078376293
14.272890329361,-0.001019724295475,0.072899624705315,0.072554528713226
14.2829291820526,-0.001036387402564,0.072903908789158,0.072557970881462
14.2934503555298,-0.001059518312104,0.072876401245594,0.072561480104923
14.303074836731,-0.001029029255733,0.072902418673039,0.072554141283035
14.3127527236938,-0.001055357512087,0.072867669165135,0.07256543636322
14.3224453926086,-0.001022406853735,0.072898484766483,0.072561137378216
14.3328244686127,-0.001063348259777,0.072880886495113,0.072578355669975
14.3429045677185,-0.001080381451175,0.072885006666184,0.072574764490128
14.3629548549652,-0.001051642000675,0.072881504893303,0.072570405900478
14.3728964328766,-0.00106007384602,0.07286724448204,0.072559922933579
14.3738834857941,-0.001064724638127,0.072860464453697,0.072563380002976
14.383243560791,-0.001054496387951,0.072855532169342,0.072573728859425
14.3932132720947,-0.001045234734192,0.072899870574474,0.072561912238598
14.4027774333954,-0.001066454453394,0.072869308292866,0.072594799101353
14.4229788780212,-0.001046780613251,0.072847798466683,0.072553217411041
14.4329323768616,-0.00104572775308,0.07286511361599,0.072531826794148
14.4434125423431,-0.001047242200002,0.072873033583164,0.072561003267765
14.4529349803925,-0.001037380774505,0.072888106107712,0.072574362158775
14.4629158973694,-0.001060785958543,0.072876758873463,0.072582460939884
14.4828536510468,-0.001027949620038,0.072894565761089,0.072560638189316
14.4934442043304,-0.001081243623048,0.072874546051025,0.072562634944916
14.5028955936432,-0.001066074590199,0.072903670370579,0.072522804141045
14.5132057666779,-0.00107790203765,0.072881370782852,0.072574347257614
14.5228459835052,-0.001064272248186,0.072865016758442,0.072562009096146
14.5329613685608,-0.001056922716089,0.072877384722233,0.072575502097607
14.5434136390686,-0.001047039520927,0.072870157659054,0.072570487856865
14.5530934333801,-0.001029611565173,0.072913743555546,0.072545632719994
14.5632362365723,-0.001052138395607,0.072864808142185,0.072549290955067
14.5729920864105,-0.001019354211167,0.072905458509922,0.072565145790577
14.5829393863678,-0.001052889507264,0.072882056236267,0.072572253644466
14.593088388443,-0.001049379818141,0.072869569063187,0.072553962469101
14.6031880378723,-0.001049314858392,0.072877876460552,0.072583414614201
14.6131510734558,-0.001052117906511,0.072872713208199,0.072563603520393
14.6232752799988,-0.001055741799064,0.072878152132034,0.072564207017422
14.633163690567,-0.001027877558954,0.072903871536255,0.072578683495522
14.6435544490814,-0.001048063044436,0.072886168956757,0.072561696171761
14.6532847881317,-0.001053889282048,0.072861552238464,0.072546228766441
14.6632900238037,-0.001047775964253,0.072882451117039,0.072579465806484
14.6733863353729,-0.001025251462124,0.072920076549053,0.072577208280563
14.6831290721893,-0.001064703217708,0.072880625724793,0.072564043104649
14.6931216716766,-0.001063396688551,0.072890847921372,0.072575733065605
14.703298330307,-0.001033918233588,0.072919934988022,0.072566658258438
14.7132377624512,-0.001082013128325,0.072885759174824,0.072558410465717
14.7232258319855,-0.001105381990783,0.072880662977696,0.07253847271204
14.7331566810608,-0.001091712620109,0.072875611484051,0.072554625570774
14.7432839870453,-0.001063996227458,0.072861969470978,0.07255832105875
14.7630400657654,-0.001036353874952,0.07286711037159,0.072529248893261
14.7640392780304,-0.001054908381775,0.072868570685387,0.072576507925987
14.7732012271881,-0.001068752724677,0.072859324514866,0.072552785277367
14.7929420471191,-0.001076885149814,0.072850078344345,0.072550125420094
14.8030891418457,-0.001047009136528,0.072882421314716,0.072555795311928
14.8128769397736,-0.001069535152055,0.072863027453423,0.072564728558064
14.8133356571198,-0.00106841721572,0.072858236730099,0.072574570775032
14.8228416442871,-0.001070794533007,0.072859048843384,0.072568781673908
14.8432552814484,-0.001062681083567,0.072851844131947,0.072541579604149
14.8531286716461,-0.001056361361407,0.072865881025791,0.072547510266304
14.8629503250122,-0.001032597152516,0.07289595156908,0.072549790143967
14.8731911182404,-0.001057827961631,0.072873704135418,0.072576858103275
14.8829991817474,-0.001043732627295,0.072883248329163,0.072595477104187
14.8931603431702,-0.001044340082444,0.072874002158642,0.072578877210617
14.9028091430664,-0.001057574059814,0.072881922125816,0.072539314627647
14.9131569862366,-0.001051754923537,0.072875432670117,0.072558544576168
14.9232823848724,-0.001044402131811,0.072868466377258,0.072554506361485
14.9328389167786,-0.001037571579218,0.072878479957581,0.072558000683785
14.9427878856659,-0.001026855781674,0.072909079492092,0.072557903826237
14.9629509449005,-0.001043892232701,0.07292602956295,0.072553217411041
14.973363161087,-0.001061153714545,0.072899013757706,0.072539985179901
14.9828734397888,-0.001046656048857,0.072858817875385,0.072561912238598
14.9931900501251,-0.001053830725141,0.072859324514866,0.072562605142593
15.0029258728027,-0.001048070262186,0.072878979146481,0.07257617264986
15.0131876468658,-0.001047113444656,0.072851538658142,0.072559177875519
15.0231761932373,-0.00104973569978,0.072857402265072,0.072558112442494
15.0329155921936,-0.001068761106581,0.072841003537178,0.072518937289715
15.0338780879974,-0.001049569458701,0.072861962020397,0.072553068399429
15.0529768466949,-0.001041862764396,0.072874173521996,0.072565585374832
15.0628905296326,-0.001040072296746,0.072868317365646,0.07255545258522
15.072906255722,-0.00104083889164,0.072849333286285,0.072541303932667
15.0739409923553,-0.001051923260093,0.07285276055336,0.072562582790852
15.0829002857208,-0.001050136866979,0.072855450212956,0.072560675442219
15.0933797359467,-0.001061212271452,0.07286361604929,0.072566762566567
15.1030087471008,-0.001066830940545,0.072874322533608,0.072557210922241
15.1129143238068,-0.00104892719537,0.072869032621384,0.072562694549561
15.1230459213257,-0.001047297264449,0.072856783866882,0.072548575699329
15.1430268287659,-0.001048652920872,0.072868183255196,0.07256493717432
