0.049262523651123,-0.02159951068461,-1.34424757957459,0.916112780570984
0.059229135513306,-0.021606359630823,-1.34432101249695,0.915659666061401
0.089304685592651,-0.021615391597152,-1.34472167491913,0.913877665996552
0.099344968795776,-0.021621067076922,-1.34480810165405,0.913471460342407
0.119495153427124,-0.021590065211058,-1.34512984752655,0.912038624286652
0.120593070983887,-0.021596122533083,-1.34522151947021,0.911595642566681
0.139327764511108,-0.021597396582365,-1.34534084796906,0.911150991916656
0.169376134872437,-0.021593695506454,-1.34576034545898,0.909262418746948
0.179261207580566,-0.021609468385577,-1.3459804058075,0.908314883708954
0.209628820419312,-0.021610973402858,-1.3461537361145,0.907388508319855
0.219398975372314,-0.021615670993924,-1.34637355804443,0.906348943710327
0.229203939437866,-0.021602615714073,-1.34662270545959,0.905372619628906
0.23918080329895,-0.021580902859569,-1.34671127796173,0.90490198135376
0.249433279037476,-0.021585214883089,-1.34682464599609,0.904411852359772
0.259147644042969,-0.02159676514566,-1.34697067737579,0.903905689716339
0.269487857818604,-0.021599853411317,-1.34710597991943,0.903400540351868
0.279390811920166,-0.021620752289891,-1.34725511074066,0.902859568595886
0.289336919784546,-0.021565850824118,-1.34738230705261,0.902362763881683
0.290321588516235,-0.02157511934638,-1.34748959541321,0.901862502098084
0.309475898742676,-0.021583376452327,-1.34763181209564,0.901389539241791
0.32948899269104,-0.02160045877099,-1.34805941581726,0.899814426898956
0.330609560012817,-0.021626800298691,-1.34819376468658,0.899325251579285
0.349495887756348,-0.021602062508464,-1.34830951690674,0.898853123188019
0.369813680648804,-0.021633734926581,-1.34877014160156,0.897324442863464
0.379582643508911,-0.021625224500895,-1.34890794754028,0.896820783615112
0.389425277709961,-0.021628011018038,-1.34904432296753,0.896345376968384
0.399791955947876,-0.021634295582771,-1.34916007518768,0.895872235298157
0.429489374160767,-0.021622577682138,-1.34960746765137,0.894419252872467
0.430447578430176,-0.021659942343831,-1.34994113445282,0.893413662910461
0.449484348297119,-0.021647037938237,-1.35026109218597,0.892508089542389
0.469474792480469,-0.021640187129378,-1.35041439533234,0.892040729522705
0.489099264144898,-0.021661205217242,-1.35099041461945,0.890546977519989
0.499751567840576,-0.021663365885615,-1.3511791229248,0.890096604824066
0.500313520431519,-0.021674709394574,-1.35136103630066,0.889646708965302
0.509213924407959,-0.021646961569786,-1.35153031349182,0.889187455177307
0.519256114959717,-0.021646600216627,-1.35171449184418,0.888714253902435
0.539313554763794,-0.021694920957089,-1.35226821899414,0.887229681015015
0.54932165145874,-0.021696157753468,-1.35244107246399,0.886790931224823
0.559165716171265,-0.021701686084271,-1.35260200500488,0.886370241641998
0.569334506988525,-0.021692842245102,-1.35280275344849,0.885878622531891
0.579399108886719,-0.021683510392904,-1.35296213626862,0.885392844676971
0.580369234085083,-0.021660424768925,-1.35316836833954,0.884899377822876
0.589496374130249,-0.021682986989617,-1.35337507724762,0.884416401386261
0.599321365356445,-0.021699702367187,-1.35360193252563,0.883949637413025
0.609173059463501,-0.021694555878639,-1.35379719734192,0.883519351482391
0.619690656661987,-0.021674940362573,-1.35398757457733,0.883091151714325
0.629391431808472,-0.021679310128093,-1.35418498516083,0.882631182670593
0.630382061004639,-0.021634556353092,-1.35436165332794,0.882131099700928
0.639586448669434,-0.02162698097527,-1.35460805892944,0.881637871265411
0.649535894393921,-0.021632758900523,-1.35483074188232,0.881157338619232
0.650586605072022,-0.021630629897118,-1.35505950450897,0.880722165107727
0.659323215484619,-0.021635264158249,-1.35530233383179,0.880284547805786
0.669423580169678,-0.021623270586133,-1.35550880432129,0.879859626293182
0.679283857345581,-0.021618777886033,-1.35569822788239,0.879413425922394
0.689684391021729,-0.021557442843914,-1.35591053962708,0.878954172134399
0.699981689453125,-0.021541839465499,-1.35612237453461,0.878479719161987
0.709439516067505,-0.021532269194722,-1.35634994506836,0.878019154071808
0.729439496994019,-0.02152381837368,-1.35657346248627,0.877578616142273
0.759458303451538,-0.021494811400771,-1.35744774341583,0.875946164131165
0.76995849609375,-0.021442862227559,-1.3578907251358,0.875069558620453
0.799625635147095,-0.021446704864502,-1.35831236839294,0.874224424362183
0.809411764144897,-0.021480448544026,-1.35893797874451,0.873124659061432
0.849715709686279,-0.021428026258946,-1.35961949825287,0.871887683868408
0.859496593475342,-0.021430682390928,-1.36000561714172,0.871102094650269
0.869731426239014,-0.021417671814561,-1.36045455932617,0.870376586914063
0.900436401367188,-0.021395832300186,-1.3611067533493,0.869255065917969
0.909419059753418,-0.021393077448011,-1.36130917072296,0.868860304355621
0.93947172164917,-0.021432036533952,-1.3621096611023,0.867413520812988
0.959523439407349,-0.021447962149978,-1.36251521110535,0.866731822490692
0.989460468292236,-0.021436136215925,-1.3631728887558,0.865361750125885
1.00943231582642,-0.021459314972162,-1.36357951164246,0.864697873592377
1.01948094367981,-0.021456770598888,-1.36391234397888,0.864086270332336
1.04942727088928,-0.021466240286827,-1.36440300941467,0.863142669200897
1.05045557022095,-0.021486312150955,-1.36455988883972,0.862816870212555
1.06984615325928,-0.021495744585991,-1.36471354961395,0.862520813941956
1.08938813209534,-0.021637165918946,-1.3653484582901,0.861269414424896
1.10938119888306,-0.02168457582593,-1.36548388004303,0.860970914363861
1.11975693702698,-0.02180951461196,-1.36589455604553,0.860079884529114
1.13945412635803,-0.021828893572092,-1.36602377891541,0.859755218029022
1.15040016174316,-0.021831039339304,-1.36614453792572,0.859455049037933
1.16969728469849,-0.021929956972599,-1.36650061607361,0.858596742153168
1.17948246002197,-0.022016337141395,-1.36663973331451,0.858305871486664
1.18978381156921,-0.022092405706644,-1.36676621437073,0.858042120933533
1.2094292640686,-0.022307716310024,-1.36699163913727,0.857212662696838
1.21964335441589,-0.022383043542504,-1.36707282066345,0.85695493221283
1.2295138835907,-0.022470865398645,-1.36716270446777,0.856699824333191
1.24954915046692,-0.022552682086825,-1.36724984645844,0.856453120708466
1.25965046882629,-0.022777339443565,-1.36755919456482,0.855745673179626
1.26962804794312,-0.022845068946481,-1.36766338348389,0.855501234531403
1.2794771194458,-0.022923655807972,-1.36780107021332,0.855252802371979
1.30937457084656,-0.023244829848409,-1.3682918548584,0.854371666908264
1.31968140602112,-0.023300053551793,-1.3683717250824,0.854191541671753
1.33950352668762,-0.023599818348885,-1.36864852905273,0.853673338890076
1.35944199562073,-0.023706965148449,-1.36874127388,0.853510916233063
1.3697075843811,-0.023819575086236,-1.36882150173187,0.853362858295441
1.37927460670471,-0.024040741845965,-1.36896979808807,0.853064715862274
1.39931488037109,-0.02428487315774,-1.36908876895905,0.852824926376343
1.41944575309753,-0.024543572217226,-1.36922931671143,0.852534592151642
1.42916417121887,-0.024821078404784,-1.36935365200043,0.852265477180481
1.44924259185791,-0.02507333829999,-1.36944901943207,0.851989984512329
1.45919513702393,-0.025237392634153,-1.36947739124298,0.851870357990265
1.47013926506042,-0.025529516860843,-1.36957466602325,0.851609826087952
1.48950290679932,-0.025816157460213,-1.36967194080353,0.851384699344635
1.49933910369873,-0.025968991219998,-1.36972677707672,0.851278960704803
1.51941561698914,-0.026227785274387,-1.36978602409363,0.851068615913391
1.52048230171204,-0.02651889808476,-1.36984300613403,0.850890398025513
1.52942609786987,-0.026669120416045,-1.36984813213348,0.850800156593323
1.53935527801514,-0.02683980576694,-1.36985111236572,0.850727617740631
1.54931616783142,-0.027028309181333,-1.36984276771545,0.85064172744751
1.56946587562561,-0.027172934263945,-1.36983275413513,0.850557088851929
1.579256772995,-0.02749264985323,-1.36977899074554,0.850428581237793
1.58924436569214,-0.027685966342688,-1.36976039409637,0.85036438703537
1.60926008224487,-0.028033349663019,-1.36968171596527,0.850235462188721
1.61953783035278,-0.028243452310562,-1.36961996555328,0.850201845169067
1.6392285823822,-0.029053976759315,-1.3693220615387,0.850026190280914
1.64936232566834,-0.029229689389467,-1.36922299861908,0.849992692470551
1.65912175178528,-0.029398448765278,-1.36912608146667,0.849970996379852
1.679363489151,-0.029596803709865,-1.36897802352905,0.849954724311829
1.70921421051025,-0.030333999544382,-1.36847388744354,0.849894225597382
1.71972370147705,-0.030553312972188,-1.36833441257477,0.849885106086731
1.73928427696228,-0.031326994299889,-1.36768710613251,0.849884212017059
1.74928188323975,-0.031532391905785,-1.36748850345612,0.849905669689178
1.75914931297302,-0.031717300415039,-1.36730623245239,0.849919140338898
1.76938080787659,-0.031895481050015,-1.36713457107544,0.84993326663971
1.77921485900879,-0.032067127525807,-1.36696779727936,0.849951922893524
1.79952621459961,-0.032619215548039,-1.36624610424042,0.850050210952759
1.80944037437439,-0.03278998658061,-1.36602997779846,0.85006844997406
1.81949949264526,-0.032999183982611,-1.36580038070679,0.850094556808472
1.82929396629334,-0.033186931163073,-1.36556112766266,0.850129008293152
1.8491702079773,-0.033729929476976,-1.3647632598877,0.850277781486511
1.85914969444275,-0.033915143460035,-1.36450433731079,0.85032457113266
1.86959147453308,-0.034090038388968,-1.36424839496613,0.850384414196014
1.87938189506531,-0.034287463873625,-1.36396956443787,0.85045850276947
1.88960075378418,-0.034469868987799,-1.36364805698395,0.850546479225159
1.89950037002563,-0.034664683043957,-1.36334443092346,0.85061639547348
1.91923642158508,-0.035174615681172,-1.36243426799774,0.850889980792999
1.92930936813355,-0.035358119755983,-1.36208200454712,0.851019144058227
1.93936681747437,-0.035532187670469,-1.36176133155823,0.851137697696686
1.94915246963501,-0.035697788000107,-1.36144816875458,0.851247012615204
1.95917677879334,-0.035863667726517,-1.36110877990723,0.851360857486725
1.9600715637207,-0.036060489714146,-1.36071419715881,0.851495027542114
1.96993970870972,-0.036242093890905,-1.36034989356995,0.851651191711426
1.97939944267273,-0.036409072577953,-1.35999441146851,0.851762175559998
1.98883318901062,-0.036611568182707,-1.35959076881409,0.851904630661011
1.98973631858826,-0.036785211414099,-1.35916745662689,0.852066993713379
1.99954295158386,-0.036961484700441,-1.35876727104187,0.852211236953735
2.00952053070068,-0.037122171372175,-1.35836982727051,0.852372586727142
2.01934003829956,-0.037297517061234,-1.35793924331665,0.852524280548096
2.02030754089355,-0.037465158849955,-1.35751378536224,0.852671563625336
2.02924656867981,-0.037647515535355,-1.35708558559418,0.852825224399567
2.03946995735168,-0.03781133890152,-1.35665559768677,0.852989196777344
2.04912495613098,-0.037968251854181,-1.35621130466461,0.853166759014129
2.05941438674927,-0.038134854286909,-1.3557893037796,0.853323936462402
2.06944108009338,-0.038296259939671,-1.3553227186203,0.853509843349457
2.07939696311951,-0.038466945290566,-1.35487043857574,0.853670716285706
2.09937620162964,-0.038934525102377,-1.35342133045197,0.854195296764374
2.10925221443176,-0.039103902876377,-1.35293281078339,0.854400157928467
2.11936974525452,-0.0392771884799,-1.35244333744049,0.854583263397217
2.12949872016907,-0.039443135261536,-1.35192310810089,0.854788661003113
2.13946270942688,-0.03961294144392,-1.35142505168915,0.854994058609009
2.14984560012817,-0.039731271564961,-1.35092103481293,0.855184316635132
2.16933035850525,-0.04023576900363,-1.34928023815155,0.855823040008545
2.18947196006775,-0.040550623089075,-1.34816706180573,0.856270611286163
2.21971702575684,-0.040993720293045,-1.34643459320068,0.856930017471314
2.22950339317322,-0.041278813034296,-1.34519970417023,0.857411444187164
2.25914859771729,-0.041740693151951,-1.34328901767731,0.858127534389496
2.26930594444275,-0.042025599628687,-1.34204876422882,0.858624994754791
2.28960514068604,-0.042262647300959,-1.34071242809296,0.859139919281006
2.3091504573822,-0.042659316211939,-1.33864259719849,0.859923005104065
2.32020235061645,-0.042794197797775,-1.33798396587372,0.860160827636719
2.34994506835937,-0.043161801993847,-1.33588171005249,0.861013293266296
2.35921359062195,-0.043341156095266,-1.33445608615875,0.861579835414887
2.38926529884338,-0.043646186590195,-1.33230137825012,0.862420678138733
2.39951252937317,-0.043760012835264,-1.33158206939697,0.862699091434479
2.40923428535461,-0.043854404240847,-1.33080947399139,0.863010585308075
2.41929984092712,-0.04395666718483,-1.33006048202515,0.863281011581421
2.44932341575623,-0.04430827498436,-1.32692265510559,0.864434659481049
2.45930624008179,-0.044427257031202,-1.3261547088623,0.864731967449188
2.4710259437561,-0.044533994048834,-1.32532930374146,0.865059912204742
2.4892852306366,-0.04481690749526,-1.32298517227173,0.865938127040863
2.49934005737305,-0.044896900653839,-1.32210683822632,0.866244792938232
2.50925230979919,-0.044966790825129,-1.32131540775299,0.866492092609406
2.52927207946777,-0.04514329507947,-1.31872129440308,0.867345154285431
2.53918695449829,-0.045323431491852,-1.31700050830841,0.867905139923096
2.55918502807617,-0.045532587915659,-1.31518721580505,0.868497967720032
2.56945061683655,-0.045620620250702,-1.31427907943726,0.868768513202667
2.58916354179382,-0.0456732660532,-1.31336081027985,0.869040906429291
2.59965467453003,-0.046002238988876,-1.31058895587921,0.869886577129364
2.6195912361145,-0.04606394842267,-1.30966579914093,0.870162010192871
2.6295325756073,-0.046354226768017,-1.30683267116547,0.870974481105804
2.6394636631012,-0.046432886272669,-1.30585014820099,0.871241092681885
2.65945172309875,-0.046525847166777,-1.30489444732666,0.871499359607697
2.66956472396851,-0.046599958091974,-1.30392563343048,0.871758341789246
2.68959474563599,-0.047046761959791,-1.29987680912018,0.872774124145508
2.69961404800415,-0.047138269990683,-1.29885685443878,0.873031258583069
2.70946311950684,-0.047238875180483,-1.297816157341,0.873275101184845
2.71961641311645,-0.047340963035822,-1.2967780828476,0.873516738414764
2.72979474067688,-0.047485481947661,-1.29566717147827,0.873778581619263
2.73951077461243,-0.047566685825586,-1.29461300373077,0.874020993709564
2.74963188171387,-0.048020776361227,-1.29138648509979,0.874753177165985
2.76962971687317,-0.048131342977285,-1.29031693935394,0.874990582466126
2.7795078754425,-0.048231452703476,-1.28922414779663,0.875214099884033
2.80967092514038,-0.048860426992178,-1.28482449054718,0.876189053058624
2.82903671264648,-0.04902220889926,-1.28368139266968,0.876410484313965
2.84966540336609,-0.049473583698273,-1.28037285804749,0.87707781791687
2.8507821559906,-0.049632277339697,-1.2792022228241,0.877287983894348
2.86960554122925,-0.04979107528925,-1.27803015708923,0.877491533756256
2.88953423500061,-0.050297968089581,-1.27469217777252,0.878057181835175
2.89964056015015,-0.050578560680151,-1.27242422103882,0.878403246402741
2.93974781036377,-0.05110863596201,-1.26889181137085,0.878948926925659
2.94955730438232,-0.051465574651957,-1.26666784286499,0.879237115383148
2.96975564956665,-0.051891721785069,-1.26436173915863,0.879576981067658
2.97942399978638,-0.052236024290323,-1.26207756996155,0.879823803901672
2.98955368995667,-0.05262902379036,-1.25972604751587,0.88010048866272
3.01961541175842,-0.053226541727781,-1.25628161430359,0.880435526371002
3.02950167655945,-0.053392592817545,-1.25508666038513,0.880590915679931
3.03970265388489,-0.053619038313627,-1.25393009185791,0.88067901134491
3.05937099456787,-0.05424864590168,-1.25048458576202,0.88097071647644
3.07947444915771,-0.0544598326087,-1.24929213523865,0.881046175956726
3.08954954147339,-0.055120080709457,-1.2458164691925,0.881343364715576
3.10939717292786,-0.055310539901257,-1.24466466903687,0.881382882595062
3.12949776649475,-0.055967316031456,-1.24119853973389,0.881633281707764
3.14942264556885,-0.056394461542368,-1.23892426490784,0.881797254085541
3.17946910858154,-0.057376507669687,-1.23434484004974,0.882114231586456
3.18967962265015,-0.057601779699326,-1.23318922519684,0.882191836833954
3.19950795173645,-0.057802647352219,-1.23207926750183,0.882232904434204
3.21959662437439,-0.058542560786009,-1.22865676879883,0.882475256919861
3.2295081615448,-0.058766540139914,-1.22751033306122,0.882527947425842
3.23949837684631,-0.059054464101791,-1.22637820243835,0.882605314254761
3.24949860572815,-0.059310041368008,-1.22524833679199,0.882681667804718
3.26949644088745,-0.060100965201855,-1.22182857990265,0.882883250713348
3.27943420410156,-0.060338206589222,-1.22067892551422,0.882967531681061
3.28958177566528,-0.06062538176775,-1.21950590610504,0.883034944534302
3.29960227012634,-0.060899741947651,-1.21835553646088,0.883103609085083
3.3191180229187,-0.061710495501757,-1.21491014957428,0.883297681808472
3.32940030097961,-0.061969552189112,-1.21376502513886,0.883373618125916
3.33947491645813,-0.062212776392698,-1.21266353130341,0.883410334587097
3.34946990013123,-0.062500327825546,-1.2115044593811,0.883485555648804
3.359219789505,-0.062761276960373,-1.21035122871399,0.883566319942474
3.38930940628052,-0.063834071159363,-1.20587074756622,0.883789122104645
3.3996307849884,-0.064078733325005,-1.20474231243134,0.883814215660095
3.41952657699585,-0.064854890108109,-1.20135271549225,0.883967101573944
3.42045617103577,-0.065102949738503,-1.20022451877594,0.884009659290314
3.42933511734009,-0.06535005569458,-1.19908857345581,0.88409686088562
3.43925762176514,-0.065652720630169,-1.19795572757721,0.884147822856903
3.44924473762512,-0.065894119441509,-1.19682252407074,0.884176373481751
3.45913100242615,-0.06615549325943,-1.19570422172546,0.88421905040741
3.46007013320923,-0.066443949937821,-1.19451522827148,0.884306252002716
3.47944021224976,-0.066694378852844,-1.19336640834808,0.884335160255432
3.4893684387207,-0.066941373050213,-1.19221520423889,0.884381353855133
3.49997448921204,-0.067257545888424,-1.19105553627014,0.884461641311646
3.50937390327454,-0.067511931061745,-1.18987667560577,0.884549200534821
3.53932523727417,-0.068379081785679,-1.18643975257874,0.884724318981171
3.54919624328613,-0.068887762725353,-1.18405091762543,0.884865880012512
3.55914735794067,-0.069429963827133,-1.18177378177643,0.885004580020904
3.58982491493225,-0.070280164480209,-1.17830812931061,0.885238885879517
3.60939168930054,-0.070848792791367,-1.17597925662994,0.885391414165497
3.62934732437134,-0.071654565632343,-1.17246520519257,0.885635614395142
3.64933395385742,-0.072180733084679,-1.17009770870209,0.88577264547348
3.66939353942871,-0.072773717343807,-1.16776406764984,0.885947942733765
3.67948293685913,-0.07328662276268,-1.16533029079437,0.886102616786957
3.70923542976379,-0.074128642678261,-1.16181397438049,0.88634443283081
3.72933793067932,-0.074671044945717,-1.15939676761627,0.886539697647095
3.73941349983215,-0.075229048728943,-1.1570907831192,0.886702120304108
3.74922060966492,-0.075791515409947,-1.15466952323914,0.886875867843628
3.75906038284302,-0.076092272996903,-1.15343987941742,0.886977255344391
3.76941609382629,-0.076375916600227,-1.15227270126343,0.887050747871399
3.77956199645996,-0.076658323407173,-1.15105867385864,0.887121379375458
3.7894594669342,-0.0769457295537,-1.1498316526413,0.887247681617737
3.79931640625,-0.077214859426022,-1.14858627319336,0.887345194816589
3.81971001625061,-0.078104361891747,-1.14498245716095,0.887582719326019
3.82943224906921,-0.078364238142967,-1.14374244213104,0.88765811920166
3.83920621871948,-0.078641839325428,-1.14248311519623,0.887777745723724
3.84014821052551,-0.078919522464275,-1.14125597476959,0.887874186038971
3.84996771812439,-0.079171761870384,-1.13998281955719,0.887941181659699
3.85916924476624,-0.079442285001278,-1.1387345790863,0.888061106204987
3.86912655830383,-0.079753369092941,-1.13751268386841,0.888141870498657
3.87932157516479,-0.080019541084766,-1.13630068302155,0.888217449188232
3.8891932964325,-0.080286957323551,-1.13509261608124,0.888305962085724
3.90911841392517,-0.081058628857136,-1.13136649131775,0.888564109802246
3.91944026947021,-0.081343851983547,-1.130166888237,0.888672709465027
3.92063808441162,-0.081632524728775,-1.12893903255463,0.888762950897217
3.92945384979248,-0.081912338733673,-1.12769317626953,0.888841867446899
3.9492621421814,-0.082218505442143,-1.12642884254456,0.888948798179626
3.95909309387207,-0.083002611994743,-1.1227285861969,0.889179646968842
3.96941065788269,-0.083274856209755,-1.12146961688995,0.889263093471527
3.97928667068481,-0.083557471632958,-1.12023282051086,0.889342725276947
3.98929405212402,-0.083922073245049,-1.1190037727356,0.889437675476074
3.99929070472717,-0.08419106900692,-1.11777317523956,0.889499068260193
4.01923680305481,-0.084471359848976,-1.11650109291077,0.889568209648132
4.02951097488403,-0.085332036018372,-1.11261200904846,0.889821529388428
4.03950643539429,-0.085665635764599,-1.11143434047699,0.889893233776093
4.04928779602051,-0.085987001657486,-1.11019921302795,0.889978110790253
4.0590603351593,-0.086339883506298,-1.10892987251282,0.890048503875732
4.06940197944641,-0.086683757603169,-1.10765659809113,0.890136301517487
4.07933664321899,-0.086972497403622,-1.10642683506012,0.890203952789306
4.08927464485168,-0.08727078139782,-1.10514223575592,0.890303313732147
4.11936759948731,-0.088220350444317,-1.101322889328,0.890524923801422
4.12935137748718,-0.088916830718517,-1.09882831573486,0.890691339969635
4.15916872024536,-0.08983575552702,-1.09500801563263,0.890926599502564
4.1695237159729,-0.090510375797749,-1.09246909618378,0.891067504882813
4.18967890739441,-0.091203100979328,-1.08997738361359,0.891193628311157
4.19945192337036,-0.091597780585289,-1.08868420124054,0.891287386417389
4.2392270565033,-0.093345731496811,-1.0822057723999,0.891617476940155
4.24926686286926,-0.093725189566612,-1.08093929290771,0.891654849052429
4.27945351600647,-0.095149904489517,-1.07582533359528,0.891854166984558
4.2996289730072,-0.095825150609017,-1.07325673103333,0.89193868637085
4.30919408798218,-0.096555024385452,-1.07069087028503,0.892009317874908
4.34938430786133,-0.097600415349007,-1.06674206256866,0.892168402671814
4.35919237136841,-0.098621778190136,-1.06279695034027,0.892225801944733
4.38924384117126,-0.099667698144913,-1.05878305435181,0.892313003540039
4.39975452423096,-0.100012898445129,-1.05750560760498,0.892342746257782
4.42933392524719,-0.10106835514307,-1.05347418785095,0.89243882894516
4.44012928009033,-0.101722925901413,-1.05070209503174,0.892434537410736
4.44918823242188,-0.102401539683342,-1.04800188541412,0.892492473125458
4.45917630195618,-0.102750383317471,-1.04668545722961,0.892463862895966
4.47003054618835,-0.103133708238602,-1.0453622341156,0.892447113990784
4.4793541431427,-0.103449881076813,-1.04396915435791,0.892425060272217
4.48933386802673,-0.103858053684235,-1.04242777824402,0.892617881298065
4.51941800117493,-0.104869090020657,-1.03829979896545,0.892555117607117
4.52933645248413,-0.105495117604733,-1.03557419776917,0.892580628395081
4.54923152923584,-0.106458030641079,-1.03143155574799,0.892564177513123
4.56983542442322,-0.106763400137424,-1.03004169464111,0.892567753791809
4.58933353424072,-0.107769913971424,-1.02582848072052,0.892536640167236
4.59935092926025,-0.108093969523907,-1.02443623542786,0.892535626888275
4.62033915519714,-0.108794637024403,-1.02164947986603,0.892543852329254
4.62940406799316,-0.109469763934612,-1.01891195774078,0.892433702945709
4.6493444442749,-0.110443010926247,-1.01467454433441,0.892388164997101
4.65913987159729,-0.110774651169777,-1.01326620578766,0.892353177070618
4.68956708908081,-0.111742258071899,-1.00913679599762,0.892270147800446
4.70917248725891,-0.112058877944946,-1.00772023200989,0.892241835594177
4.73933601379395,-0.113327696919441,-1.002121925354,0.892150163650513
4.74021196365356,-0.113932870328426,-0.999428153038025,0.892052352428436
4.76929593086243,-0.11463775485754,-0.996516287326813,0.892130792140961
4.77931594848633,-0.11528467386961,-0.993675887584686,0.892075002193451
4.81953382492065,-0.116542130708694,-0.98818826675415,0.891867280006409
4.82935285568237,-0.117128752171993,-0.98544180393219,0.891797065734863
4.8493640422821,-0.117747917771339,-0.982745051383972,0.891696214675903
4.86935758590698,-0.118265397846699,-0.980033576488495,0.891600966453552
4.88938856124878,-0.119153723120689,-0.975961685180664,0.891485214233398
4.89937353134155,-0.119454339146614,-0.974601328372955,0.89146226644516
4.9297513961792,-0.120262876152992,-0.970526278018951,0.891304135322571
4.93957948684692,-0.12082464993,-0.967888951301575,0.891210198402405
4.95917224884033,-0.121603637933731,-0.96388041973114,0.891020357608795
4.97937226295471,-0.121853820979595,-0.96258020401001,0.890962362289429
4.99959754943848,-0.122873276472092,-0.957314133644104,0.89068990945816
5.01930785179138,-0.123137354850769,-0.956016719341278,0.890645027160645
5.03948974609375,-0.123978443443775,-0.951934576034546,0.890511929988861
5.0492422580719,-0.124196723103523,-0.950679004192352,0.890421807765961
5.07939219474793,-0.124999694526196,-0.946702659130096,0.890224993228912
5.08925724029541,-0.1254992634058,-0.944154262542725,0.890040934085846
5.09940075874329,-0.126022040843964,-0.941466391086578,0.889930129051209
5.11935067176819,-0.126279070973396,-0.940235793590546,0.889840483665466
5.13928270339966,-0.1270482391119,-0.93632972240448,0.889540672302246
5.14021015167236,-0.127288460731506,-0.935046136379242,0.889430642127991
5.16907572746277,-0.128136515617371,-0.931252896785736,0.889128386974335
5.17005634307861,-0.12833859026432,-0.92995274066925,0.889072597026825
5.199387550354,-0.1287981569767,-0.927418112754822,0.88885909318924
5.20919823646545,-0.129341885447502,-0.924859344959259,0.888672530651093
5.23924160003662,-0.130057901144028,-0.921098291873932,0.888326287269592
5.24016094207764,-0.130295395851135,-0.919849514961243,0.888215780258179
5.25914001464844,-0.130797192454338,-0.91733980178833,0.887983381748199
5.26938843727112,-0.131041944026947,-0.916076123714447,0.887887477874756
5.28949666023254,-0.131462842226028,-0.913658976554871,0.887599050998688
5.2992799282074,-0.131989702582359,-0.911162614822388,0.887341380119324
5.31932377815247,-0.132463037967682,-0.90863686800003,0.887108385562897
5.3392333984375,-0.132688820362091,-0.907330811023712,0.886979162693024
5.35914850234985,-0.133677795529366,-0.902298331260681,0.886397182941437
5.36945557594299,-0.133897587656975,-0.90103417634964,0.886257290840149
5.38930988311768,-0.134633019566536,-0.89727109670639,0.885801494121552
5.39938712120056,-0.134893670678139,-0.895999550819397,0.885667860507965
5.42947626113892,-0.135587215423584,-0.892203986644745,0.885224103927612
5.43925547599793,-0.135806992650032,-0.890969157218933,0.885118901729584
5.45920276641846,-0.136554673314095,-0.887117385864258,0.884674370288849
5.46945881843567,-0.136799722909927,-0.885808229446411,0.884579062461853
5.49924874305725,-0.137580364942551,-0.881959319114685,0.884145379066467
5.49975681304932,-0.137786000967026,-0.880658984184265,0.884010791778564
5.52944493293762,-0.138513550162315,-0.876784980297089,0.883528470993042
5.5494909286499,-0.138974025845528,-0.874146699905396,0.883233606815338
5.55945491790772,-0.139445185661316,-0.871524095535278,0.882920920848846
5.56959795951843,-0.139688670635223,-0.870125353336334,0.882810235023499
5.58950185775757,-0.140118762850761,-0.867517173290253,0.88248872756958
5.59968185424805,-0.14037412405014,-0.866155982017517,0.882388353347778
5.61953330039978,-0.141095608472824,-0.862111568450928,0.881897747516632
5.62956118583679,-0.141302734613419,-0.860741496086121,0.881813943386078
5.649662733078,-0.141830340027809,-0.857986629009247,0.881472289562225
5.65941834449768,-0.142280027270317,-0.85526841878891,0.881148993968964
5.6793520450592,-0.14279580116272,-0.852441132068634,0.8808513879776
5.68941998481751,-0.143003806471825,-0.851043939590454,0.880690455436706
5.69923138618469,-0.143438518047333,-0.848294734954834,0.880379021167755
5.71942925453186,-0.143705561757088,-0.846881210803986,0.880262553691864
5.73943185806274,-0.14440144598484,-0.842751026153564,0.879754543304443
5.75915741920471,-0.144607454538345,-0.841302871704102,0.879644691944122
5.77922201156616,-0.145520761609077,-0.835663437843323,0.878961086273193
5.78928017616272,-0.14575257897377,-0.834187984466553,0.878823280334473
5.80947017669678,-0.146419882774353,-0.829960346221924,0.878265798091888
5.81940221786499,-0.146624714136124,-0.828497648239136,0.878142714500427
5.82927894592285,-0.147052705287933,-0.825544714927673,0.877779126167297
5.83921337127686,-0.147241219878197,-0.824109971523285,0.877566874027252
5.85917139053345,-0.147671982645988,-0.821285486221314,0.877155065536499
5.87925934791565,-0.147896587848663,-0.819782733917236,0.876960337162018
5.89976954460144,-0.148523733019829,-0.815430045127869,0.87637323141098
5.90928864479065,-0.148735448718071,-0.813917100429535,0.876187741756439
5.9294912815094,-0.149356082081795,-0.809499502182007,0.875588357448578
5.93048596382141,-0.149630770087242,-0.807943165302277,0.875388383865356
5.9491605758667,-0.150003254413605,-0.805043399333954,0.874949455261231
5.95927381515503,-0.150268733501434,-0.803511381149292,0.874718189239502
5.97951221466064,-0.150683552026749,-0.800471007823944,0.874342083930969
5.99977493286133,-0.151144340634346,-0.797483742237091,0.873913466930389
6.01956009864807,-0.151591360569,-0.794521808624268,0.873459279537201
6.02048826217651,-0.152002215385437,-0.791461706161499,0.873099863529205
6.04947233200073,-0.152480751276016,-0.788461148738861,0.872605264186859
6.05940437316895,-0.152714103460312,-0.787072837352753,0.87235814332962
6.06975889205933,-0.153382629156113,-0.782507240772247,0.871763825416565
6.08951711654663,-0.153609752655029,-0.78100049495697,0.871502876281738
6.09969305992126,-0.153951391577721,-0.778099000453949,0.871039748191834
6.1195113658905,-0.154196828603745,-0.7765833735466,0.870833992958069
6.13955163955689,-0.154856860637665,-0.772033631801605,0.870186328887939
6.1494734287262,-0.155157536268234,-0.769082367420197,0.869706690311432
6.16950082778931,-0.155626967549324,-0.766139447689056,0.869211316108704
6.18953514099121,-0.155958250164986,-0.763111114501953,0.868803560733795
6.20942163467407,-0.15638168156147,-0.760169267654419,0.86840170621872
6.21982145309448,-0.156745254993439,-0.757197558879852,0.867981135845184
6.24997043609619,-0.157330766320229,-0.752714276313782,0.867337584495544
6.25941205024719,-0.157506495714188,-0.751302719116211,0.867134153842926
6.27937746047974,-0.158069893717766,-0.746887981891632,0.8666130900383
6.28947830200195,-0.158299595117569,-0.745493769645691,0.86638617515564
6.30945825576782,-0.158823564648628,-0.741032242774963,0.865930736064911
6.31950998306274,-0.159044682979584,-0.739661753177643,0.865787625312805
6.33929443359375,-0.159319490194321,-0.736693382263184,0.865492224693298
6.34927845001221,-0.159739479422569,-0.733835637569428,0.865180611610413
6.36937594413757,-0.160039901733398,-0.730882406234741,0.864917814731598
6.38960933685303,-0.160289123654366,-0.729403674602508,0.864817380905151
6.409255027771,-0.160999611020088,-0.723560631275177,0.864191293716431
6.41953682899475,-0.161216586828232,-0.722070276737213,0.864063620567322
6.43922233581543,-0.161555752158165,-0.719158172607422,0.863773882389069
6.44937443733215,-0.161788374185562,-0.717712044715881,0.863630831241608
6.46951603889465,-0.162308678030968,-0.713223814964294,0.8631831407547
6.4891574382782,-0.162673875689507,-0.71023565530777,0.862956166267395
6.50937032699585,-0.163080155849457,-0.707304954528809,0.862613499164581
6.52934741973877,-0.1632981300354,-0.705810725688934,0.862450778484345
6.5492160320282,-0.164056360721588,-0.699678301811218,0.86193835735321
6.55916428565979,-0.164209172129631,-0.698143482208252,0.861805438995361
6.57923698425293,-0.164809793233871,-0.693646669387817,0.861355602741241
6.58933091163635,-0.165004804730415,-0.692121505737305,0.861271977424622
6.59935665130615,-0.165444508194923,-0.689071536064148,0.861063957214356
6.61928749084473,-0.165572166442871,-0.687587797641754,0.860965669155121
6.63949036598206,-0.166217103600502,-0.682973563671112,0.860642611980438
6.64932799339294,-0.166656777262688,-0.679963052272797,0.860451877117157
6.65913534164429,-0.167120441794395,-0.676829636096954,0.860262334346771
6.6694598197937,-0.167312994599342,-0.675295948982239,0.860201954841614
6.68924474716187,-0.167775735259056,-0.672249257564545,0.859984338283539
6.69972205162048,-0.168001756072044,-0.670717656612396,0.859873831272125
6.71945095062256,-0.168492153286934,-0.667608797550201,0.859791219234467
6.72048282623291,-0.168692141771317,-0.666092038154602,0.859696745872498
6.73916697502136,-0.169145002961159,-0.663026213645935,0.859538376331329
6.74941825866699,-0.169363543391228,-0.66147917509079,0.859436988830566
6.76958203315735,-0.169831395149231,-0.658426463603973,0.859298467636108
6.77941393852234,-0.17004431784153,-0.656886100769043,0.859237313270569
6.79950261116028,-0.170533686876297,-0.653818845748901,0.85909765958786
6.80929636955261,-0.170728623867035,-0.652279615402222,0.859021723270416
6.82937359809876,-0.171388134360313,-0.647682011127472,0.85879373550415
6.83922696113586,-0.171595990657806,-0.646124243736267,0.858753740787506
6.86935639381409,-0.172275111079216,-0.641563355922699,0.858563184738159
6.87037515640259,-0.172668948769569,-0.638469874858856,0.858382284641266
6.88922333717346,-0.173090890049934,-0.635483086109161,0.858236491680145
6.89926242828369,-0.173312783241272,-0.633976995944977,0.858217775821686
6.9194860458374,-0.173692688345909,-0.630986928939819,0.858099758625031
6.9292426109314,-0.173883765935898,-0.629462361335754,0.858032763004303
6.94923186302185,-0.174385532736778,-0.625105023384094,0.857749462127685
6.95921802520752,-0.174595728516579,-0.62364798784256,0.857737004756928
6.97940731048584,-0.174909383058548,-0.620760142803192,0.857647359371185
6.98946237564087,-0.175045594573021,-0.619310796260834,0.857544004917145
7.00942969322205,-0.17532978951931,-0.616497576236725,0.857375800609589
7.01949954032898,-0.175511464476585,-0.613627195358276,0.857202470302582
7.03976130485535,-0.175676465034485,-0.610776662826538,0.857063710689545
7.05946230888367,-0.175822824239731,-0.60791003704071,0.856908440589905
7.07950973510742,-0.175942748785019,-0.605160534381866,0.856689870357513
7.08955717086792,-0.176102533936501,-0.602410316467285,0.856487274169922
7.09959387779236,-0.176245793700218,-0.599664032459259,0.856284499168396
7.11967325210571,-0.176260620355606,-0.598317265510559,0.856155276298523
7.14965486526489,-0.176387637853622,-0.592872977256775,0.855713963508606
7.15940475463867,-0.176365077495575,-0.59153163433075,0.855602741241455
7.17953443527222,-0.176358386874199,-0.587580144405365,0.855274140834808
7.19003415107727,-0.176348432898521,-0.586233496665955,0.855144619941711
7.20938992500305,-0.176305904984474,-0.583678245544434,0.85487711429596
7.21039080619812,-0.176262527704239,-0.582338571548462,0.85475879907608
7.229651927948,-0.17615707218647,-0.579818785190582,0.854508221149445
7.23950600624085,-0.176080405712128,-0.578518390655518,0.854378283023834
7.24955081939697,-0.17590406537056,-0.576005816459656,0.854138731956482
7.25947141647339,-0.175834760069847,-0.57470691204071,0.854088008403778
7.28003239631653,-0.175628006458283,-0.57233190536499,0.853782474994659
7.28998875617981,-0.175467729568481,-0.57110595703125,0.853604555130005
7.30952000617981,-0.175076350569725,-0.567532181739807,0.853286027908325
7.32935667037964,-0.174957573413849,-0.566330075263977,0.853180110454559
7.34949517250061,-0.17449027299881,-0.562735795974731,0.852843642234802
7.35960698127747,-0.174313396215439,-0.561499536037445,0.852792859077454
7.36955332756043,-0.173976704478264,-0.559137582778931,0.852583348751068
7.38954401016235,-0.173782989382744,-0.557928144931793,0.852483808994293
7.39957666397095,-0.173216000199318,-0.554514765739441,0.852200388908386
7.40941166877747,-0.173033624887466,-0.553393304347992,0.852123498916626
7.42946076393127,-0.172513917088509,-0.551151096820831,0.851997792720795
7.43994832038879,-0.172320544719696,-0.550025165081024,0.851910829544067
7.45935678482056,-0.171602502465248,-0.546706080436707,0.851732075214386
7.46972417831421,-0.171299085021019,-0.545697927474976,0.85161417722702
7.47956275939941,-0.170785203576088,-0.543553709983826,0.85149097442627
7.48947405815125,-0.170437768101692,-0.542411148548126,0.851480722427368
7.50949025154114,-0.169865444302559,-0.540290117263794,0.85139012336731
7.51947116851807,-0.169575899839401,-0.539202809333801,0.851320505142212
7.53899049758911,-0.168933346867561,-0.537139296531677,0.851180255413055
7.54928374290466,-0.168581381440163,-0.536070764064789,0.851137101650238
7.56990098953247,-0.167540565133095,-0.532923102378845,0.850997388362885
7.57920122146606,-0.167191028594971,-0.531915664672852,0.850938081741333
7.58930015563965,-0.166462451219559,-0.529883444309235,0.850816130638123
7.59953951835632,-0.166048094630241,-0.528816938400269,0.850807428359985
7.6192889213562,-0.165243849158287,-0.526840806007385,0.850657999515533
7.62945342063904,-0.164837807416916,-0.525826692581177,0.850651800632477
7.6394727230072,-0.163980215787888,-0.523857951164246,0.850536346435547
7.64979720115662,-0.163578554987907,-0.52284848690033,0.850488603115082
7.66927027702332,-0.162611216306686,-0.520926654338837,0.850369215011597
7.67013883590698,-0.16218538582325,-0.519963264465332,0.850348353385925
7.68941783905029,-0.161224812269211,-0.518040895462036,0.850238978862762
7.69929075241089,-0.160733208060265,-0.517019867897034,0.85021162033081
7.71975469589233,-0.159764841198921,-0.515107810497284,0.850088238716126
7.7204532623291,-0.159290745854378,-0.514122903347015,0.850074768066406
7.73923087120056,-0.158303827047348,-0.512154459953308,0.849985837936401
7.74936389923096,-0.157792061567307,-0.511190354824066,0.849923610687256
7.76933979988098,-0.156778156757355,-0.509206831455231,0.849855005741119
7.77933669090271,-0.156277745962143,-0.508209586143494,0.849817335605621
7.78963923454285,-0.15518493950367,-0.506301999092102,0.849694192409515
7.79924607276917,-0.154628083109856,-0.505323827266693,0.84965181350708
7.8092188835144,-0.153555765748024,-0.503383934497833,0.84956157207489
7.82935333251953,-0.152989432215691,-0.502472341060638,0.849508166313171
7.83933830261231,-0.151885077357292,-0.50050675868988,0.849432110786438
7.84942388534546,-0.151289999485016,-0.499574214220047,0.849365949630737
7.86930298805237,-0.150133982300758,-0.497694402933121,0.849265038967133
7.87930750846863,-0.14953625202179,-0.496727287769318,0.849210679531097
7.89934277534485,-0.148379415273666,-0.494803845882416,0.849087178707123
7.90046000480652,-0.147806748747826,-0.493831783533096,0.849070250988007
7.91976380348206,-0.14594903588295,-0.490852057933807,0.848876714706421
7.93938040733337,-0.145371526479721,-0.489892542362213,0.848803520202637
7.94927167892456,-0.14411848783493,-0.487924158573151,0.848708689212799
7.9591851234436,-0.143490090966225,-0.486887067556381,0.848667681217194
7.96945214271545,-0.142275646328926,-0.485010415315628,0.848499536514282
7.98930096626282,-0.141655772924423,-0.484007477760315,0.848448574542999
7.99950551986694,-0.140410363674164,-0.482017904520035,0.848304450511932
8.00930023193359,-0.139818891882896,-0.481004953384399,0.848261952400208
8.01924777030945,-0.138535559177399,-0.478943943977356,0.848233342170715
8.02932929992676,-0.137897223234177,-0.477985173463821,0.848112404346466
8.04927372932434,-0.136634081602097,-0.475983619689941,0.848040521144867
8.05922651290894,-0.135974302887917,-0.474941283464432,0.84804368019104
8.06972026824951,-0.134772315621376,-0.472835093736649,0.847926378250122
8.08935308456421,-0.134131386876106,-0.471843153238297,0.84789901971817
8.10930681228638,-0.132914200425148,-0.46966478228569,0.847906827926636
8.11931347846985,-0.132265493273735,-0.468673229217529,0.847829341888428
8.12964129447937,-0.130361348390579,-0.465450406074524,0.847849726676941
8.13948082923889,-0.129724979400635,-0.464383006095886,0.847801089286804
8.15918350219727,-0.128475844860077,-0.462171047925949,0.847864329814911
8.16983962059021,-0.127906620502472,-0.461133807897568,0.84785658121109
8.17925524711609,-0.126640170812607,-0.4589783847332,0.847906053066254
8.18921208381653,-0.125961229205132,-0.457892775535584,0.847896099090576
8.20939826965332,-0.124780274927616,-0.455751180648804,0.847946584224701
8.2194197177887,-0.124140180647373,-0.454700171947479,0.847972512245178
8.23924875259399,-0.122924163937569,-0.452553123235703,0.848011195659637
8.24020838737488,-0.122290804982185,-0.451481521129608,0.848048865795136
8.25921964645386,-0.12107814848423,-0.449305862188339,0.848156809806824
8.2694137096405,-0.120471373200417,-0.448282152414322,0.848174571990967
8.2893385887146,-0.119249872863293,-0.44607999920845,0.848313808441162
8.29933190345764,-0.118589997291565,-0.444952309131622,0.848366916179657
8.30934858322144,-0.117411009967327,-0.442733228206634,0.848481893539429
8.31945013999939,-0.116802558302879,-0.441637247800827,0.848513782024383
8.33941388130188,-0.114961892366409,-0.438312381505966,0.848709642887116
8.34937953948975,-0.114363081753254,-0.437164187431335,0.848861336708069
8.37942218780518,-0.112547896802425,-0.433778584003449,0.849116981029511
8.38967680931091,-0.111939400434494,-0.432669997215271,0.849192678928375
8.41949844360352,-0.110147416591644,-0.429231435060501,0.849483251571655
8.42941403388977,-0.108950726687908,-0.426914006471634,0.849687874317169
8.44926643371582,-0.107816696166992,-0.424568951129913,0.849982798099518
8.45914721488953,-0.107230208814144,-0.423403203487396,0.850077152252197
8.47930979728699,-0.104942642152309,-0.418761491775513,0.85057944059372
8.49952292442322,-0.104350499808788,-0.417742013931274,0.850645303726196
8.5193190574646,-0.103265337646008,-0.415401786565781,0.850911021232605
8.52930974960327,-0.102133251726627,-0.413058340549469,0.851213157176971
8.54957294464111,-0.100988946855068,-0.410687744617462,0.8514603972435
8.55043482780457,-0.100409887731075,-0.409432113170624,0.851628601551056
8.56944942474365,-0.099344097077847,-0.40696057677269,0.851913392543793
8.5794415473938,-0.098783738911152,-0.405852138996124,0.852056384086609
8.59939122200012,-0.097164139151573,-0.402130633592606,0.852493464946747
8.60922169685364,-0.09666583687067,-0.40082398056984,0.852677822113037
8.62952518463135,-0.095605798065662,-0.398354947566986,0.852994680404663
8.63962697982788,-0.095047801733017,-0.397171705961227,0.853110194206238
8.65918707847595,-0.093538023531437,-0.393324732780456,0.853657782077789
8.66946983337402,-0.093024156987667,-0.39203879237175,0.853826344013214
8.68937063217163,-0.092070169746876,-0.389430314302444,0.854180991649628
8.69935774803162,-0.091609351336956,-0.388208448886871,0.854266464710236
8.70924091339111,-0.090612590312958,-0.385670810937882,0.85464483499527
8.71982789039612,-0.090133704245091,-0.38440877199173,0.854794085025787
8.73928165435791,-0.089157029986382,-0.38187775015831,0.855134069919586
8.74024748802185,-0.08867134898901,-0.38059401512146,0.855312824249268
8.75921392440796,-0.087755531072617,-0.378049582242966,0.855654776096344
8.76924848556519,-0.087276168167591,-0.37682169675827,0.855813205242157
8.779545545578,-0.086366713047028,-0.374311685562134,0.856118619441986
8.78944039344788,-0.085923977196217,-0.373017311096191,0.856284737586975
8.80931758880615,-0.085025519132614,-0.370456337928772,0.856625080108643
8.81942176818848,-0.084579005837441,-0.369180500507355,0.856805801391602
8.83922958374023,-0.083711035549641,-0.36660572886467,0.857154369354248
8.84936165809631,-0.083265945315361,-0.365372329950333,0.857300996780396
8.86934518814087,-0.082409031689167,-0.36277249455452,0.857646763324737
8.87924361228943,-0.081558078527451,-0.360155373811722,0.857922077178955
8.89937806129456,-0.080720894038677,-0.357526987791061,0.858256816864014
8.89987564086914,-0.080250203609467,-0.356238722801208,0.858380317687988
8.92941975593567,-0.078942112624645,-0.35239040851593,0.858840346336365
8.93940401077271,-0.078497864305973,-0.351071417331696,0.858978927135468
8.95916795730591,-0.077231772243977,-0.347163468599319,0.859387040138245
8.96952104568481,-0.076809652149677,-0.34588560461998,0.85950630903244
8.99934983253479,-0.075477361679077,-0.342043966054916,0.859939336776733
9.0093092918396,-0.075006976723671,-0.340717971324921,0.860099136829376
9.02946877479553,-0.073737345635891,-0.336962133646011,0.860438227653503
9.03938841819763,-0.07330971211195,-0.335673481225967,0.860593259334564
9.05924415588379,-0.072054147720337,-0.331881999969482,0.860989689826965
9.06941318511963,-0.071582578122616,-0.330584615468979,0.861113727092743
9.08930635452271,-0.070735581219196,-0.328034460544586,0.861375868320465
9.09938907623291,-0.070387288928032,-0.326709866523743,0.861489593982697
9.12944197654724,-0.069102786481381,-0.322928309440613,0.861846148967743
9.13939070701599,-0.068312056362629,-0.320372074842453,0.862099170684814
9.15932869911194,-0.067094631493092,-0.316645830869675,0.86241888999939
9.16966509819031,-0.0666668638587,-0.315325289964676,0.862574756145477
9.18924236297607,-0.065858952701092,-0.312905520200729,0.862771809101105
9.19927859306335,-0.065475217998028,-0.311647593975067,0.862882852554321
9.2195508480072,-0.064224138855934,-0.307980209589005,0.863225519657135
9.22966289520264,-0.063892789185047,-0.306747674942017,0.863341391086578
9.23948264122009,-0.063093803822994,-0.304302304983139,0.863603055477142
9.25950050354004,-0.062654547393322,-0.302900433540344,0.8637855052948
9.27958655357361,-0.061541818082333,-0.299281269311905,0.864147186279297
9.28956413269043,-0.061125352978706,-0.298000425100327,0.864304542541504
9.3095383644104,-0.060016565024853,-0.294398933649063,0.864635229110718
9.31959676742554,-0.05962684750557,-0.293194264173508,0.864737570285797
9.32952117919922,-0.058937821537256,-0.290809839963913,0.864989340305328
9.34920930862427,-0.058538496494293,-0.289643108844757,0.865098774433136
9.35946226119995,-0.057758491486311,-0.287241041660309,0.865294396877289
9.36972784996033,-0.057353414595127,-0.285987049341202,0.865392744541168
9.3901948928833,-0.056651629507542,-0.283584028482437,0.865602135658264
9.39920139312744,-0.056273076683283,-0.282377421855927,0.86574912071228
9.41970705986023,-0.055148959159851,-0.278944998979568,0.865954637527466
9.42942523956299,-0.054751962423325,-0.277678668498993,0.866095781326294
9.43952941894531,-0.054025169461966,-0.275341153144836,0.86624538898468
9.45946288108826,-0.053650569170714,-0.274200558662415,0.866357564926147
9.48990321159363,-0.052071377635002,-0.269622653722763,0.86664229631424
9.49947857856751,-0.051677528768778,-0.268429577350616,0.866732895374298
9.51999092102051,-0.050607085227966,-0.264914095401764,0.8669473528862
9.52941203117371,-0.050236839801073,-0.263779312372208,0.866986572742462
9.54949688911438,-0.049472812563181,-0.261434018611908,0.867161631584168
9.55891108512878,-0.049080308526754,-0.260237753391266,0.867281377315521
9.57944226264954,-0.048041220754385,-0.256802767515182,0.867390632629395
9.5894947052002,-0.047645464539528,-0.255670011043549,0.867425203323364
9.59972620010376,-0.046893086284399,-0.253342658281326,0.867585480213165
9.60944700241089,-0.046571522951126,-0.252263963222504,0.867617130279541
9.62947964668274,-0.045828346163035,-0.249973267316818,0.867726266384125
9.63052892684937,-0.045405101031065,-0.248798742890358,0.867786347866058
9.64952516555786,-0.04472379013896,-0.246574223041534,0.867841124534607
9.65945363044739,-0.044342663139105,-0.245474070310593,0.867863416671753
9.67954063415527,-0.043554842472077,-0.243152886629105,0.868006408214569
9.68956613540649,-0.043178670108318,-0.242101162672043,0.868014574050903
9.70944404602051,-0.042462337762117,-0.239815846085548,0.868076741695404
9.7297101020813,-0.041731711477041,-0.237519919872284,0.868106722831726
9.7494957447052,-0.040195237845183,-0.232987210154533,0.868300020694733
9.75944924354553,-0.039779715240002,-0.231744199991226,0.868317663669586
9.77943801879883,-0.038994647562504,-0.229490652680397,0.868290543556213
9.79950284957886,-0.03826142847538,-0.227349758148193,0.868323564529419
9.80945706367493,-0.037476945668459,-0.225140079855919,0.868379890918732
9.81963777542114,-0.037068471312523,-0.223989203572273,0.868377685546875
9.83957672119141,-0.035878803580999,-0.220649421215057,0.868419051170349
9.84957003593445,-0.035410635173321,-0.219321012496948,0.868551015853882
9.87953972816467,-0.034194629639387,-0.216096073389053,0.868636906147003
9.89961051940918,-0.033354986459017,-0.213844135403633,0.868614435195923
9.91974854469299,-0.032021522521973,-0.210427328944206,0.868739724159241
9.93936419487,-0.031649615615606,-0.209316954016685,0.868776142597199
9.95917391777039,-0.029975580051541,-0.204954132437706,0.868683576583862
9.96956515312195,-0.029540887102485,-0.203771352767944,0.868731141090393
9.97929811477661,-0.028627838939428,-0.201545849442482,0.868695080280304
9.98959088325501,-0.028221985325217,-0.200503081083298,0.868695020675659
10.0194721221924,-0.026929907500744,-0.19708651304245,0.868684768676758
10.0292661190033,-0.026525424793363,-0.196002721786499,0.868638932704926
10.0493080615997,-0.025698455050588,-0.193793922662735,0.868670880794525
10.0697519779205,-0.024784199893475,-0.19159622490406,0.868592858314514
10.0892369747162,-0.02311978302896,-0.187153086066246,0.868492186069489
10.1091635227203,-0.022695222869516,-0.186027467250824,0.868414282798767
10.1297237873077,-0.021474486216903,-0.182777166366577,0.868321895599365
10.1397757530212,-0.020995469763875,-0.181677550077438,0.868239045143127
10.1695244312286,-0.019818913191557,-0.17841725051403,0.868163824081421
10.1706395149231,-0.018945308402181,-0.176258057355881,0.868005692958832
10.1895756721497,-0.018190853297711,-0.174076810479164,0.867916464805603
10.2094099521637,-0.017791328951717,-0.173036575317383,0.867831707000732
10.2293930053711,-0.016622686758638,-0.169721379876137,0.8677037358284
10.2395961284637,-0.01628957875073,-0.168650090694428,0.867654383182526
10.2696347236633,-0.015081069432199,-0.165286779403687,0.867487907409668
10.2896327972412,-0.014271941967309,-0.163154244422913,0.867358028888702
10.299702167511,-0.013213991187513,-0.159994259476662,0.867185235023499
10.3088912963867,-0.012817899696529,-0.15894128382206,0.867112398147583
10.3295063972473,-0.012072116136551,-0.15678845345974,0.867001235485077
10.3493490219116,-0.011661392636597,-0.155566155910492,0.867047607898712
10.3693413734436,-0.010543728247285,-0.152405470609665,0.86685848236084
10.3791966438293,-0.009803891181946,-0.150307789444923,0.866688907146454
10.3992652893066,-0.009044255129993,-0.148164078593254,0.866547405719757
10.419474363327,-0.008325000293553,-0.146017417311668,0.866380095481873
10.4493591785431,-0.006964612286538,-0.141753524541855,0.866042912006378
10.4591658115387,-0.00661085639149,-0.140692487359047,0.865967035293579
10.4994823932648,-0.005199633538723,-0.136390537023544,0.865562915802002
10.5091652870178,-0.004466433078051,-0.13430343568325,0.865374624729157
10.5292882919312,-0.003399117151275,-0.131112337112427,0.865009427070618
10.5493907928467,-0.003046506084502,-0.130020678043365,0.864904880523681
10.5792214870453,-0.001237430609763,-0.1247229129076,0.864352166652679
10.589182138443,-0.000886028225068,-0.123615600168705,0.864260792732239
10.6193504333496,0.000176035086042,-0.120343245565891,0.863877952098846
10.6395235061646,0.000924015999772,-0.118132263422012,0.863662540912628
10.6592478752136,0.002301801694557,-0.113740690052509,0.863249003887177
10.6695773601532,0.002659057499841,-0.112627826631069,0.863080680370331
10.6893410682678,0.003357265144587,-0.11044092476368,0.862878084182739
10.6901788711548,0.003739843843505,-0.10933917760849,0.862724304199219
10.7294354438782,0.004766152705997,-0.106019906699657,0.862464189529419
10.7394173145294,0.005522473249584,-0.103803709149361,0.862229466438293
10.7694602012634,0.006916582584381,-0.099324256181717,0.861747026443481
10.7892842292786,0.00721356458962,-0.098130822181702,0.861641228199005
10.8092091083527,0.008614841848612,-0.093597933650017,0.861115694046021
10.8294613361359,0.008979628793895,-0.092471085488796,0.861021399497986
10.8392426967621,0.010002308525145,-0.089010149240494,0.860662639141083
10.8593375682831,0.010381914675236,-0.08780412375927,0.860536694526672
10.8894324302673,0.011795572936535,-0.083101086318493,0.859962701797485
10.9096028804779,0.012473936192691,-0.08074314147234,0.859760463237762
10.9394996166229,0.013504952192307,-0.077192984521389,0.859351277351379
10.9494717121124,0.014471439644694,-0.07356333732605,0.858907401561737
10.969388961792,0.015369330532849,-0.070012725889683,0.858568131923676
10.9898412227631,0.015752566978335,-0.068801768124104,0.858410596847534
11.019627571106,0.016332615166903,-0.066320538520813,0.85823392868042
11.0294551849365,0.01703729480505,-0.063962690532208,0.857923328876495
11.0591859817505,0.018247619271278,-0.059227608144283,0.857522368431091
11.0693917274475,0.018906077370048,-0.056954082101584,0.857245683670044
11.0994539260864,0.019793154671788,-0.053566951304674,0.856778562068939
11.1092488765717,0.020396975800395,-0.051202781498432,0.856543123722076
11.1195056438446,0.021010564640164,-0.048887722194195,0.856337189674377
11.1397747993469,0.021332820877433,-0.047579135745764,0.856299102306366
11.1592180728912,0.021968729794026,-0.045318577438593,0.856075763702393
11.1795134544373,0.022486766800284,-0.043023828417063,0.855802416801453
11.2094075679779,0.023566462099552,-0.038527697324753,0.855309188365936
11.2195057868958,0.02407699264586,-0.036313399672508,0.855027794837952
11.2397668361664,0.024635598063469,-0.034103471785784,0.854792237281799
11.2495272159576,0.024895280599594,-0.032956201583147,0.854617476463318
11.2794842720032,0.025875803083181,-0.028691686689854,0.854052126407623
11.2996628284454,0.026138057932258,-0.027630556374788,0.85391241312027
11.3294587135315,0.027108853682876,-0.023461824283004,0.853290498256683
11.3498833179474,0.027548681944609,-0.021495698019862,0.853005349636078
11.3796904087067,0.028520235791803,-0.017496390268207,0.852376818656921
11.3995213508606,0.028961269184947,-0.015569501556456,0.852109372615814
11.4294109344482,0.030008502304554,-0.010898073203862,0.851315975189209
11.4496750831604,0.030353808775544,-0.009074603207409,0.851079285144806
11.4695837497711,0.030930647626519,-0.006332731340081,0.850694119930267
11.4894671440125,0.031253051012755,-0.00460606161505,0.850463330745697
11.5197532176971,0.031751804053784,-0.001984218368307,0.85011225938797
11.5208246707916,0.032080583274365,-0.000439834286226,0.849853932857513
11.5496091842651,0.032397072762251,0.00114761677105,0.849684298038483
11.5594651699066,0.032694160938263,0.002560979686677,0.849493682384491
11.5896351337433,0.033063761889935,0.003863587742671,0.849371790885925
11.5997591018677,0.033329240977764,0.005133161321282,0.849384367465973
11.6196138858795,0.033739440143108,0.006733937188983,0.849230706691742
11.6397411823273,0.033987268805504,0.007836482487619,0.849154710769653
11.6698415279388,0.034444320946932,0.009892761707306,0.849106013774872
11.6793036460876,0.034557342529297,0.010380985215306,0.849111020565033
11.7091708183289,0.034879304468632,0.011783342808485,0.849085032939911
11.7195246219635,0.035006415098906,0.01222431473434,0.849078595638275
11.7296042442322,0.035341449081898,0.013240314088762,0.849019825458527
11.7396681308746,0.035410854965448,0.013546937145293,0.849041163921356
11.7591466903687,0.035570781677961,0.014158270321786,0.849091112613678
11.77942943573,0.035678960382938,0.014533853158355,0.849214315414429
11.8198554515839,0.03599263727665,0.015610203146935,0.849425375461578
11.829460144043,0.036089971661568,0.015914900228381,0.849534094333649
11.8492710590363,0.036209650337696,0.016189124435186,0.849710404872894
11.8591568470001,0.036244507879019,0.016237486153841,0.849770963191986
11.8794991970062,0.036333154886961,0.01628932915628,0.84982705116272
11.8806889057159,0.036347582936287,0.016336608678103,0.849905252456665
11.8993325233459,0.036431670188904,0.016466055065394,0.850103497505188
11.9091858863831,0.036455173045397,0.016508419066668,0.850177884101868
11.91956615448,0.036533433943987,0.016556637361646,0.850369393825531
11.9294486045837,0.036544058471918,0.016552705317736,0.850455641746521
11.9494235515594,0.036599166691303,0.016631590202451,0.850741624832153
11.9592282772064,0.036607548594475,0.016605945304036,0.850811243057251
11.9795036315918,0.036633223295212,0.016499884426594,0.851000785827637
11.9895226955414,0.036645475775004,0.016432093456388,0.851069986820221
12.0094208717346,0.036713562905789,0.01611802726984,0.85130512714386
12.0197606086731,0.036735605448485,0.016003362834454,0.851390838623047
12.0296013355255,0.036774229258299,0.01575524173677,0.851530134677887
12.0397775173187,0.036805778741837,0.01561978738755,0.851625859737396
12.0707511901855,0.036847487092018,0.015285775065422,0.8517986536026
12.0895988941193,0.03694274276495,0.014974095858634,0.851921916007996
12.1195321083069,0.037105463445187,0.014258278533816,0.852219879627228
12.1296634674072,0.037227459251881,0.013861783780158,0.852431356906891
12.1494767665863,0.03735938668251,0.013115711510182,0.852663516998291
12.1594550609589,0.037424493581057,0.012880238704383,0.852737903594971
12.1793913841248,0.037554364651442,0.012308097444475,0.852879643440247
12.1996290683746,0.037610422819853,0.012057268060744,0.852950692176819
12.2193005084991,0.037873975932598,0.010918909683824,0.853197813034058
12.2294552326202,0.037941303104162,0.010622126050294,0.853215754032135
12.249543428421,0.038050774484873,0.010034556500614,0.853298008441925
12.2694761753082,0.038185521960259,0.009347508661449,0.853431105613709
12.2994620800018,0.038505002856255,0.008023015223444,0.853598237037659
12.3092954158783,0.038644760847092,0.007280569057912,0.853681206703186
12.3492388725281,0.038939986377955,0.005814740434289,0.853937864303589
12.349844455719,0.038956865668297,0.005385348107666,0.853985667228699
12.3794589042664,0.039143051952124,0.004617831204087,0.854127168655396
12.3899421691895,0.039278190582991,0.003788650268689,0.854121685028076
12.3994491100311,0.039532277733088,0.002969057764858,0.854270994663239
12.4196527004242,0.039671875536442,0.00260531809181,0.854361295700073
12.4392812252045,0.040051605552435,0.001420712796971,0.854536652565002
12.4493975639343,0.040268912911415,0.000584271445405,0.854704976081848
12.4694225788116,0.040495235472918,-0.00017876928905,0.854825735092163
12.4793694019318,0.040591906756163,-0.00054655742133,0.854892730712891
12.5091769695282,0.040912996977568,-0.001658589229919,0.855114459991455
12.5196170806885,0.041163690388203,-0.002240132773295,0.855353474617004
12.5392777919769,0.04134326800704,-0.002923633670434,0.85547548532486
12.5498018264771,0.041414234787226,-0.003277887124568,0.855570137500763
12.569372177124,0.041682239621878,-0.004308378789574,0.855779528617859
12.5794053077698,0.041790120303631,-0.004633578006178,0.855861127376556
12.5995767116547,0.041948053985834,-0.005256426986307,0.856019496917725
12.6195409297943,0.042076464742422,-0.0058669205755,0.85620242357254
12.6395089626312,0.042409487068653,-0.007067714817822,0.856511652469635
12.6491849422455,0.042466688901186,-0.007344131357968,0.856566548347473
12.6894516944885,0.042618911713362,-0.008179159834981,0.856774568557739
12.7092320919037,0.042718458920717,-0.008639981038868,0.85698002576828
12.7392990589142,0.042790435254574,-0.009556797333062,0.857352256774902
12.749251127243,0.042802337557078,-0.009975190274417,0.857596695423126
12.7695136070251,0.042753096669912,-0.010474737733603,0.857922673225403
12.7894539833069,0.042709290981293,-0.010663443244994,0.858030378818512
12.8194265365601,0.042553264647722,-0.011360013857484,0.858546078205108
12.8392651081085,0.042462814599276,-0.011696237139404,0.85882693529129
12.8695361614227,0.042130175977945,-0.012461488135159,0.859290182590485
12.8796420097351,0.041978280991316,-0.012697507627308,0.859580636024475
12.8996043205261,0.041779067367315,-0.012966366484761,0.859858155250549
12.9196960926056,0.041547376662493,-0.013252634555101,0.860204219818115
12.9396502971649,0.041159652173519,-0.013582757674158,0.860672533512116
12.9495458602905,0.041058726608753,-0.013538498431444,0.860940277576447
12.9695892333984,0.040499087423086,-0.013901812024415,0.861584663391113
12.9795737266541,0.040365718305111,-0.013990588486195,0.86174201965332
12.9995334148407,0.040070805698633,-0.014130405150354,0.862063229084015
13.0094521045685,0.039889194071293,-0.014234163798392,0.862216889858246
13.0196290016174,0.039575710892677,-0.014390726573765,0.862546622753143
13.0295393466949,0.039440717548132,-0.014465351589024,0.862720727920532
13.0496366024017,0.03914450109005,-0.01463432982564,0.86302775144577
13.0594177246094,0.038970995694399,-0.014706145040691,0.863196790218353
13.0895586013794,0.038532625883818,-0.01488164998591,0.863657832145691
13.1097137928009,0.038214266300202,-0.014981983229518,0.863972783088684
13.1595029830933,0.037435058504343,-0.015394203364849,0.864662528038025
13.1695241928101,0.037097487598658,-0.015537615865469,0.864937007427216
13.1998496055603,0.036495462059975,-0.015685336664319,0.865551233291626
13.2095458507538,0.036192871630192,-0.01575536839664,0.86583685874939
13.2295031547546,0.035866834223271,-0.015856165438891,0.8661008477211
13.2395806312561,0.035707160830498,-0.015899738296867,0.866248726844788
13.2595191001892,0.035281796008349,-0.015992995351553,0.866687476634979
13.269656419754,0.035145469009876,-0.016022579744458,0.866829335689545
13.2895231246948,0.034861847758293,-0.01607190258801,0.867160379886627
13.2996783256531,0.034716408699751,-0.016062889248133,0.867308855056763
13.3395335674286,0.034218475222588,-0.016156628727913,0.867859303951263
13.3595027923584,0.033897411078215,-0.016242658719421,0.868260741233826
13.3796243667603,0.03345413133502,-0.016379123553634,0.868798851966858
13.3895959854126,0.03335240483284,-0.016434140503407,0.868941485881805
13.4095144271851,0.033141613006592,-0.016493730247021,0.869192838668823
13.4197137355804,0.033047251403332,-0.016518292948604,0.869294464588165
13.4294738769531,0.032833334058523,-0.01655875146389,0.869532525539398
13.4496023654938,0.03273568302393,-0.01655868254602,0.869636297225952
13.4795987606049,0.032428152859211,-0.016692496836186,0.869921684265137
13.4994471073151,0.032172676175833,-0.01678659580648,0.870165169239044
13.5394940376282,0.031878013163805,-0.016911717131734,0.87045830488205
13.5594680309296,0.031648203730583,-0.017057517543435,0.870632290840149
13.5995805263519,0.03141550719738,-0.017211081460118,0.870833396911621
13.6196439266205,0.031305611133576,-0.017366159707308,0.870931506156921
13.6494760513306,0.031088938936591,-0.017607165500522,0.871118009090424
13.6697328090668,0.031015092507005,-0.017714854329825,0.871175765991211
13.7094600200653,0.030825870111585,-0.017979081720114,0.871320962905884
13.7194931507111,0.030720263719559,-0.018151268362999,0.871416211128235
13.7395720481873,0.030659176409245,-0.018289145082235,0.871487319469452
13.7494983673096,0.030615957453847,-0.018364714458585,0.871532320976257
13.7795481681824,0.030438765883446,-0.018596263602376,0.871721565723419
13.7998247146606,0.030369028449059,-0.018702251836658,0.87181568145752
13.8194768428803,0.030267056077719,-0.018866753205657,0.871979296207428
13.8396356105804,0.030242240056396,-0.018897973001003,0.872051477432251
13.869663476944,0.0301508679986,-0.019127482548356,0.872296214103699
13.8795251846313,0.030084716156125,-0.019265254959464,0.872430562973022
13.9198336601257,0.03002910502255,-0.019442992284894,0.872655153274536
13.9394743442535,0.029925502836704,-0.019580638036132,0.872882425785065
13.9698965549469,0.029819011688233,-0.019748637452722,0.873158514499664
13.9794375896454,0.029760988429189,-0.019815480336547,0.873274564743042
14.009485244751,0.029651116579771,-0.019973713904619,0.873506963253021
14.0296065807343,0.029562851414085,-0.020067827776075,0.873662292957306
14.0496001243591,0.029458058997989,-0.020177341997624,0.873894929885864
14.059476852417,0.029343977570534,-0.020276067778468,0.874058723449707
14.0795950889587,0.029225368052721,-0.020373661071062,0.874296486377716
14.0995786190033,0.029184786602855,-0.020402060821652,0.874369502067566
14.1294119358063,0.029049413278699,-0.020525567233563,0.874683856964111
14.1497182846069,0.028962166979909,-0.02058963291347,0.874831914901733
14.16969871521,0.028824124485254,-0.020664736628533,0.875042319297791
14.1894514560699,0.028771534562111,-0.020656377077103,0.875122904777527
14.2292926311493,0.028497146442533,-0.020732404664159,0.875406742095947
14.2392871379852,0.028406661003828,-0.020775558426976,0.875510036945343
14.2694528102875,0.028291257098317,-0.020804740488529,0.87558788061142
14.289577960968,0.028259322047234,-0.020804606378079,0.87560385465622
14.3194859027863,0.028088310733438,-0.02095714956522,0.875709652900696
14.3295059204102,0.028047230094671,-0.021001936867833,0.875721633434296
14.3592257499695,0.027913708239794,-0.02115991152823,0.875778019428253
14.3794252872467,0.027854233980179,-0.02121352031827,0.875811278820038
14.419322013855,0.027769446372986,-0.021464250981808,0.875808954238892
14.4293525218964,0.027737276628614,-0.021557012572885,0.87581205368042
14.4696309566498,0.027707144618034,-0.021749399602413,0.875780582427979
14.4794068336487,0.027676953002811,-0.021832015365362,0.875752985477448
14.5093681812286,0.027676204219461,-0.021944135427475,0.875728130340576
14.5193943977356,0.027652084827423,-0.022116366773844,0.875702202320099
14.5594539642334,0.027672747150064,-0.022351831197739,0.875645220279694
14.5692338943481,0.027680223807693,-0.022502645850182,0.875618994235992
14.5994873046875,0.027721893042326,-0.022763397544623,0.875561773777008
14.6006324291229,0.027741676196456,-0.022838728502393,0.875538766384125
14.6194236278534,0.027748990803957,-0.023031551390886,0.875499844551086
14.6293921470642,0.027755562216044,-0.023132678121328,0.875458598136902
14.6492993831635,0.027777526527643,-0.023425951600075,0.875314474105835
14.65922498703,0.027814544737339,-0.023584159091115,0.875262081623077
14.6794669628143,0.027876012027264,-0.023751521483064,0.875211536884308
14.6995377540588,0.027920277789235,-0.023966109380126,0.875186383724213
14.7294971942902,0.028064019978047,-0.024154582992196,0.875238358974457
14.7495489120483,0.028179315850139,-0.024466281756759,0.875193655490875
14.7795622348785,0.028318082913756,-0.024811301380396,0.875134289264679
14.7895267009735,0.028472904115915,-0.0251549128443,0.875043869018555
14.8095192909241,0.028567586094141,-0.025353038683534,0.874946653842926
14.829607963562,0.028622379526496,-0.02547449991107,0.87490439414978
14.8494827747345,0.028850585222244,-0.025935232639313,0.87472939491272
14.8698143959045,0.028934184461832,-0.026088189333677,0.874669194221497
14.8996963500977,0.02917174436152,-0.026501892134547,0.874488592147827
14.9006786346436,0.029352676123381,-0.026792339980602,0.874398708343506
14.9194400310516,0.029504431411624,-0.027076145634055,0.874279618263245
14.9297771453857,0.029586816206575,-0.0272287260741,0.874202966690064
14.9594564437866,0.029805272817612,-0.027800077572465,0.873840630054474
14.9603292942047,0.029904676601291,-0.027968712151051,0.873746871948242
14.9893431663513,0.030164860188961,-0.028416475281119,0.873533070087433
14.9902334213257,0.030268063768745,-0.028537297621369,0.87345814704895
15.0092828273773,0.030462497845292,-0.02885571680963,0.873297452926636
15.0195097923279,0.030538931488991,-0.029005493968725,0.873207807540894
15.0394752025604,0.030676797032356,-0.029367841780186,0.873036742210388
15.0494546890259,0.030748400837183,-0.029499039053917,0.872947931289673
15.0693001747131,0.031069472432137,-0.029965464025736,0.872671723365784
15.079402923584,0.031171165406704,-0.03011904284358,0.872570335865021
15.0894412994385,0.031402312219143,-0.030428405851126,0.872388482093811
15.1092884540558,0.031540740281344,-0.030640022829175,0.872293293476105
15.1294596195221,0.031886044889689,-0.031163612380624,0.872002363204956
15.1394040584564,0.031987883150578,-0.031308695673943,0.871921598911285
15.1494090557098,0.032223366200924,-0.031616009771824,0.871740579605102
15.1694824695587,0.03233478218317,-0.031734019517899,0.871643960475922
15.1794352531433,0.032644242048264,-0.032242402434349,0.871384084224701
15.1993758678436,0.03271945565939,-0.032429095357657,0.871297776699066
15.2294499874115,0.033109810203314,-0.032901160418987,0.871051073074341
15.2304317951202,0.033201333135367,-0.033044420182705,0.870955526828766
15.2592227458954,0.033389233052731,-0.033334910869598,0.870857119560242
15.2694730758667,0.033572483807802,-0.033608958125115,0.870730459690094
15.289258480072,0.03375943377614,-0.033872436732054,0.870604276657105
15.3092243671417,0.033934216946364,-0.034144409000874,0.870497703552246
15.3392114639282,0.034152388572693,-0.034525144845247,0.870408535003662
15.3494801521301,0.034365188330412,-0.034921832382679,0.870261073112488
15.3697664737701,0.034456808120012,-0.035142436623573,0.87018495798111
15.3794906139374,0.034501127898693,-0.035241682082415,0.870160698890686
15.3895194530487,0.034608699381352,-0.035325404256582,0.870198428630829
15.4093883037567,0.034651573747397,-0.035425812005997,0.87015175819397
15.4394025802612,0.034671638160944,-0.035730045288801,0.870052754878998
15.459379196167,0.034691222012043,-0.035922694951296,0.87000972032547
15.4894263744354,0.034679863601923,-0.036199804395437,0.870003998279572
15.5093586444855,0.034606952220202,-0.036307252943516,0.869976460933685
15.5494368076324,0.034514110535383,-0.036485120654106,0.869980275630951
15.5593638420105,0.034474149346352,-0.03649090602994,0.870010197162628
15.5897994041443,0.034334875643253,-0.036493360996246,0.870051264762878
15.5995488166809,0.034219644963741,-0.03652685135603,0.870112597942352
15.6394927501678,0.033955276012421,-0.036366306245327,0.870222151279449
15.6495203971863,0.033799897879362,-0.0362952016294,0.87030029296875
15.6698670387268,0.033618979156017,-0.036250539124012,0.870396733283997
15.6794338226318,0.033525809645653,-0.036167409271002,0.87046205997467
15.689493894577,0.033373154699802,-0.036017298698425,0.87052458524704
15.6996281147003,0.033281415700913,-0.035944726318121,0.87054580450058
15.7196063995361,0.033084206283093,-0.035757664591074,0.870591402053833
15.7294638156891,0.032996267080307,-0.035698194056749,0.870590388774872
15.7494311332703,0.032646037638188,-0.035334803164005,0.870506703853607
15.7796247005463,0.03254022821784,-0.035225685685873,0.870418965816498
15.8195538520813,0.032022781670094,-0.034677892923355,0.869620263576508
15.8295199871063,0.031645238399506,-0.034298561513424,0.868841469287872
15.8594677448273,0.031284015625715,-0.033866811543703,0.867775976657867
15.8696217536926,0.031018953770399,-0.033631213009358,0.866858839988709
15.8894371986389,0.030666401609779,-0.033218100667,0.865253686904907
15.8996715545654,0.030544137582183,-0.033118434250355,0.8646160364151
15.9194912910461,0.030289202928543,-0.032842919230461,0.863266527652741
15.9395451545715,0.030147448182106,-0.032703135162592,0.862465798854828
15.9694156646729,0.02969765290618,-0.032157715409994,0.859088957309723
15.9793946743011,0.029435532167554,-0.03181491792202,0.857062518596649
16.0094828605652,0.028926152735949,-0.031274259090424,0.852413833141327
16.0192232131958,0.028821673244238,-0.031089739874005,0.851137816905975
16.0396468639374,0.028556169942021,-0.030728202313185,0.848428070545197
16.0593190193176,0.028429480269551,-0.030582202598453,0.846916377544403
16.0895771980286,0.027980567887426,-0.030144827440381,0.840544819831848
16.0993201732636,0.027727279812098,-0.029912311583757,0.836959898471832
16.1294622421265,0.027287239208818,-0.029525522142649,0.828998446464539
16.1393661499023,0.0270542986691,-0.029293261468411,0.824719727039337
16.1591637134552,0.026883320882917,-0.029102943837643,0.820101022720337
16.179274559021,0.026774819940329,-0.028984811156988,0.817689895629883
16.2095146179199,0.026344191282988,-0.028464721515775,0.807413041591644
16.2104091644287,0.026198687031865,-0.028373397886753,0.801913321018219
16.239159822464,0.025995314121246,-0.028181945905089,0.796236515045166
16.2401075363159,0.025922615081072,-0.028074456378818,0.793267607688904
16.2592055797577,0.025775395333767,-0.028083369135857,0.787105679512024
16.2694838047028,0.025646883994341,-0.027954537421465,0.784034848213196
16.299556016922,0.025495765730739,-0.027887955307961,0.7777139544487
16.3095026016235,0.0252925157547,-0.027713444083929,0.767884850502014
16.3294548988342,0.025199458003044,-0.027556309476495,0.761131942272186
16.3392314910889,0.025179907679558,-0.02761709690094,0.757676184177399
16.3591740131378,0.02501198835671,-0.027313955128193,0.747377336025238
16.3698017597199,0.02500637806952,-0.027345079928637,0.743654549121857
16.3892710208893,0.024968430399895,-0.027197070419788,0.736505746841431
16.3994524478912,0.024923184886575,-0.027174104005098,0.729132950305939
16.4295670986176,0.02473982796073,-0.027263473719359,0.717934548854828
16.4394867420197,0.024671863764525,-0.027304321527481,0.710316359996796
16.4592487812042,0.024642696604133,-0.027232741937041,0.702630341053009
16.4695088863373,0.024629632011056,-0.027204165235162,0.698769330978394
16.4892418384552,0.02463611215353,-0.027225526049733,0.687115728855133
16.4994208812714,0.024582853540778,-0.02725113928318,0.683207750320435
16.5192105770111,0.02457076497376,-0.027292657643557,0.675254762172699
16.5292749404907,0.024543840438128,-0.027283368632197,0.667258381843567
16.5493261814117,0.024473356083036,-0.027431391179562,0.659208953380585
16.5497753620148,0.02443945966661,-0.02750138938427,0.655217170715332
16.5695753097534,0.024430576711893,-0.027588594704867,0.6470907330513
16.5893800258636,0.024403046816588,-0.027712160721421,0.643017768859863
16.6091959476471,0.024414846673608,-0.027775976806879,0.634889304637909
16.6101303100586,0.024354156106711,-0.027873197570443,0.626673102378845
16.6392958164215,0.024370843544602,-0.02815087325871,0.618470072746277
16.6493093967438,0.024349952116609,-0.028176849707961,0.6143798828125
16.6692924499512,0.024374507367611,-0.028494687750936,0.602000832557678
16.6701858043671,0.024337735027075,-0.028588904067874,0.59785532951355
16.689507484436,0.024369711056352,-0.028825286775828,0.589610159397125
16.6989045143127,0.024361899122596,-0.028898794203997,0.585448801517487
16.7198386192322,0.024371026083827,-0.029100812971592,0.577182769775391
16.7206881046295,0.024402864277363,-0.029219595715404,0.573025822639465
16.7497267723083,0.024374417960644,-0.029448820278049,0.564696967601776
16.7506756782532,0.02436924725771,-0.029555862769485,0.560580968856812
16.7695865631104,0.024337142705917,-0.029831122606993,0.552343010902405
16.7795023918152,0.024374367669225,-0.029941275715828,0.54814624786377
16.8095760345459,0.02438279800117,-0.030305160209537,0.535669326782227
16.8196618556976,0.024350011721253,-0.030475199222565,0.531532168388367
16.8396506309509,0.024431513622403,-0.031005099415779,0.519071877002716
16.8495082855225,0.024427700787783,-0.031129643321037,0.515014708042145
16.8696961402893,0.024491280317307,-0.031636409461498,0.502643465995789
16.8794569969177,0.024486126378179,-0.031860809773207,0.498522520065308
16.8997406959534,0.02459410391748,-0.032557245343924,0.486185699701309
16.9094471931458,0.024607431143522,-0.032716434448958,0.482150673866272
16.9400196075439,0.024790201336145,-0.033312667161226,0.469916373491287
16.9495310783386,0.024836888536811,-0.03343990072608,0.465877890586853
16.9700875282288,0.025010664016008,-0.034008499234915,0.453791588544846
16.9794096946716,0.02501904219389,-0.034320171922445,0.449712842702866
16.9895658493042,0.025123372673988,-0.034750264137983,0.441738456487656
17.0094783306122,0.025108305737376,-0.034977737814188,0.43770369887352
17.0397076606751,0.025269567966461,-0.035630729049444,0.425768405199051
17.0494341850281,0.025441823527217,-0.036085020750761,0.417786985635758
17.0592603683472,0.025608785450459,-0.03655256330967,0.40988102555275
17.070006608963,0.025672860443592,-0.036829184740782,0.405939936637878
17.0895318984985,0.025921769440174,-0.037540581077337,0.394135892391205
17.1092591285706,0.026018435135484,-0.037836264818907,0.390173733234406
17.129453420639,0.026331020519137,-0.038694906979799,0.378526926040649
17.1395213603973,0.026399735361338,-0.038931854069233,0.374605715274811
17.1592085361481,0.026693174615502,-0.039691645652056,0.363033205270767
17.1695096492767,0.026838963851333,-0.039979811757803,0.359210073947906
17.1994333267212,0.027175534516573,-0.04072855040431,0.347733676433563
17.200471162796,0.027265958487988,-0.04104520380497,0.343931496143341
17.2197065353394,0.027461931109429,-0.041566587984562,0.336355239152908
17.2292795181274,0.027616072446108,-0.041860792785883,0.332511454820633
17.2493586540222,0.02792982198298,-0.042747337371111,0.321249336004257
17.2499117851257,0.028048546984792,-0.043066624552012,0.31753858923912
17.2793762683868,0.028256565332413,-0.043550197035074,0.310115456581116
17.2894372940063,0.02840886451304,-0.043866626918316,0.306312382221222
17.2902674674988,0.028525520116091,-0.04408847540617,0.302680283784866
17.3193726539612,0.028767829760909,-0.04462755471468,0.295270323753357
17.329295873642,0.029061418026686,-0.045176092535257,0.287913143634796
17.3497109413147,0.029256016016007,-0.04574877768755,0.280605405569077
17.3592939376831,0.029389057308436,-0.046040516346693,0.276965618133545
17.3692543506622,0.029630152508617,-0.046507019549608,0.269692480564117
17.3792712688446,0.02986910007894,-0.047144826501608,0.262357354164124
17.4092791080475,0.030126044526696,-0.047665659338236,0.255163222551346
17.4102673530579,0.03040112927556,-0.048076692968607,0.248047679662704
17.4393057823181,0.030651250854135,-0.048567455261946,0.240882486104965
17.449431180954,0.030887426808477,-0.049117229878903,0.233826667070389
17.4793016910553,0.031249467283487,-0.04985186830163,0.223275348544121
17.4803760051727,0.031370412558317,-0.050144758075476,0.219734907150268
17.5091507434845,0.031583122909069,-0.050656616687775,0.212849587202072
17.5194637775421,0.031725399196148,-0.050890285521746,0.209359794855118
17.5392572879791,0.032076396048069,-0.051651880145073,0.199032515287399
17.5591871738434,0.032215587794781,-0.052159380167723,0.192218348383904
17.5698096752167,0.032391276210547,-0.052665192633867,0.185494050383568
17.5993747711182,0.03265980258584,-0.053372502326965,0.175655633211136
17.6092522144318,0.032700169831514,-0.053578142076731,0.172401145100594
17.639416217804,0.033113688230515,-0.054662495851517,0.159783616662025
17.6493556499481,0.033144883811474,-0.054716151207686,0.156933397054672
17.6793169975281,0.033607546240091,-0.055620182305575,0.144954472780228
17.6803777217865,0.033693589270115,-0.055791072547436,0.142020404338837
17.7093088626862,0.033991247415543,-0.056178137660027,0.136320099234581
17.7195611000061,0.034141972661018,-0.056541338562965,0.133436903357506
17.7393753528595,0.034438908100128,-0.057212051004171,0.125280097126961
17.7493305206299,0.03454826399684,-0.057302743196488,0.122822374105454
17.7692790031433,0.034741722047329,-0.057757638394833,0.117478355765343
17.7793943881989,0.035060133785009,-0.058201584964991,0.112341739237309
17.8096902370453,0.035388510674238,-0.058499939739704,0.105020508170128
17.8194134235382,0.03566687181592,-0.058787532150745,0.100147619843483
17.8591833114624,0.036121401935816,-0.059124641120434,0.093120940029621
17.8601832389832,0.036284804344177,-0.059611473232508,0.088656283915043
17.8893141746521,0.036701489239931,-0.059933330863714,0.08253076672554
17.8996512889862,0.036816261708737,-0.060007020831108,0.080431617796421
17.9193358421326,0.037714436650276,-0.060305237770081,0.075328335165978
17.9293172359467,0.038703080266714,-0.060609508305788,0.074345320463181
17.9492981433868,0.039615258574486,-0.06110966950655,0.075435318052769
17.9592216014862,0.039841495454311,-0.060582339763641,0.075969755649567
17.9892902374268,0.040485199540854,-0.059893913567066,0.077630922198296
18.009444475174,0.040863245725632,-0.059846296906471,0.078663729131222
18.0394282341003,0.041496135294438,-0.059990260750055,0.07902704924345
18.0491852760315,0.041573256254196,-0.06007657200098,0.078832916915417
18.0893533229828,0.043224114924669,-0.060658197849989,0.075814142823219
18.0992422103882,0.04458536580205,-0.061891358345747,0.074200093746185
18.1293609142303,0.04565979167819,-0.059717785567045,0.074992217123509
18.1393003463745,0.045719787478447,-0.058703113347292,0.075361751019955
18.1693465709686,0.046342879533768,-0.058353584259749,0.075017623603344
18.1994462013245,0.047201734036207,-0.058608308434486,0.074385486543179
18.2294957637787,0.047984007745981,-0.060087326914072,0.074617758393288
18.2395243644714,0.048281144350767,-0.059733808040619,0.074294067919254
18.2492873668671,0.048262897878885,-0.059706173837185,0.074357099831104
18.2693819999695,0.048352144658566,-0.059776309877634,0.074400991201401
18.289642572403,0.048535503447056,-0.059781026095152,0.074212200939655
18.2993068695068,0.04855528101325,-0.059816606342793,0.074159301817417
18.3294954299927,0.04842808842659,-0.060073472559452,0.074264861643314
18.349292755127,0.048246201127768,-0.060110993683338,0.074385523796082
18.3692879676819,0.048069901764393,-0.060300685465336,0.074409946799278
18.3792753219604,0.048013139516115,-0.060455206781626,0.074397906661034
18.3993110656738,0.047986216843128,-0.060478497296572,0.07441022247076
18.409143447876,0.048009239137173,-0.060385268181563,0.074393957853317
18.4392328262329,0.048170160502195,-0.06020062789321,0.07439136505127
18.4592089653015,0.048292364925146,-0.06003874912858,0.074400931596756
18.4895203113556,0.04847589507699,-0.059894807636738,0.07439050078392
18.4994411468506,0.048566680401564,-0.059927605092526,0.074228458106518
18.5296909809113,0.048648163676262,-0.059751406311989,0.074293486773968
18.5492761135101,0.048556007444859,-0.059876684099436,0.074295364320278
18.5592274665833,0.048443704843521,-0.059907466173172,0.074399441480637
18.5694048404694,0.048418365418911,-0.060010559856892,0.074356555938721
18.5893821716309,0.048333793878555,-0.060038808733225,0.074382945895195
18.5996236801147,0.048337642103434,-0.060106307268143,0.074370674788952
18.6195328235626,0.048302739858627,-0.060106500983238,0.074370212852955
18.629280090332,0.048301365226507,-0.060109093785286,0.074373625218868
18.6591460704803,0.04829278215766,-0.060027446597815,0.074428200721741
18.6703300476074,0.04837192595005,-0.060039952397347,0.074385158717632
18.6892240047455,0.048539619892836,-0.060070183128119,0.074198357760906
18.6996071338654,0.048534005880356,-0.059928473085165,0.074284210801125
18.7092840671539,0.04865100979805,-0.059901040047407,0.074164986610413
18.7293589115143,0.04866911098361,-0.059710070490837,0.074216268956661
18.7494757175446,0.048713341355324,-0.059657402336598,0.074196882545948
18.7592620849609,0.048738084733486,-0.059654783457518,0.074217535555363
18.790031671524,0.048631146550179,-0.059741124510765,0.074220955371857
18.7997014522552,0.048601191490889,-0.059905592352152,0.074245125055313
18.8295407295227,0.048541713505983,-0.059933979064226,0.074249103665352
18.8395798206329,0.048533674329519,-0.059921856969595,0.074270181357861
18.8694839477539,0.048553392291069,-0.059900119900704,0.074277833104134
18.8794696331024,0.048606608062983,-0.059902645647526,0.074237629771233
18.8995299339294,0.048644464462996,-0.059707369655371,0.074225179851055
18.9093902111053,0.048729736357927,-0.05983841046691,0.074142619967461
18.9395551681519,0.048660591244698,-0.059690907597542,0.074205979704857
18.9495890140533,0.048692714422941,-0.059736270457506,0.074221186339855
18.9795265197754,0.048759959638119,-0.059822041541338,0.074175901710987
18.9894552230835,0.048628780990839,-0.059806171804667,0.074266083538532
19.0094149112701,0.048709947615862,-0.05984902009368,0.074152998626232
19.0195300579071,0.04866948723793,-0.059735745191574,0.074221268296242
19.0399448871613,0.048756036907435,-0.059677220880985,0.074219167232514
19.0594754219055,0.048815853893757,-0.059690333902836,0.074160479009152
19.0695703029633,0.048868224024773,-0.059522721916437,0.074220441281796
19.0795595645905,0.048976644873619,-0.059441369026899,0.074236042797566
19.0996429920197,0.0490479208529,-0.05939806625247,0.07425282150507
19.1093831062317,0.049010075628758,-0.059553168714047,0.074185773730278
19.1293888092041,0.048840194940567,-0.059506598860026,0.07419378310442
19.1395761966705,0.048823740333319,-0.0595997646451,0.074208669364452
19.159304857254,0.04880753159523,-0.059575103223324,0.074207670986652
19.1696939468384,0.048840243369341,-0.059585221111775,0.074215434491634
19.1895840167999,0.048938222229481,-0.059460926800966,0.074272267520428
19.1996240615845,0.049031287431717,-0.059432059526444,0.074215106666088
19.2295832633972,0.048957910388708,-0.059397075325251,0.074232786893845
19.2306001186371,0.048914834856987,-0.059517871588469,0.074253492057324
19.2495214939117,0.048901602625847,-0.059602316468954,0.074152573943138
19.2594456672668,0.048916179686785,-0.059480622410774,0.074243269860745
19.2696881294251,0.049031667411327,-0.059487987309694,0.074209414422512
19.2795333862305,0.048982452601194,-0.059409156441689,0.074208989739418
19.2997109889984,0.048979178071022,-0.059510201215744,0.07422211766243
19.309428691864,0.048953495919705,-0.059486739337444,0.074256233870983
19.319678068161,0.048928253352642,-0.059491120278835,0.074259102344513
19.3298060894012,0.048942323774099,-0.05948231369257,0.07425594329834
19.3594443798065,0.048994638025761,-0.059506315737963,0.074160479009152
19.3604295253754,0.048973195254803,-0.059410706162453,0.07425644248724
19.3798048496246,0.048940595239401,-0.059456128627062,0.074259698390961
19.389725446701,0.048924367874861,-0.059481579810381,0.074248299002647
19.3994927406311,0.048913929611445,-0.059470269829035,0.074256420135498
19.4195644855499,0.048933569341898,-0.059461779892445,0.074259005486965
19.4300389289856,0.048945859074593,-0.059458564966917,0.074247494339943
19.439813375473,0.048944566398859,-0.059466950595379,0.074249543249607
19.4596755504608,0.048936251550913,-0.059476524591446,0.074260510504246
19.4698688983917,0.048932667821646,-0.059483960270882,0.07423523068428
19.4794461727142,0.048937357962132,-0.059465985745192,0.074270740151405
19.489844083786,0.048972949385643,-0.059503875672817,0.0742307305336
19.5195391178131,0.048959586769343,-0.059480246156454,0.074242435395718
19.520411491394,0.04894632846117,-0.059458632022143,0.074239797890186
19.5395629405975,0.048946749418974,-0.059467792510986,0.074225343763828
19.5594041347504,0.048989754170179,-0.05954422429204,0.074163861572743
19.5696880817413,0.048934604972601,-0.059468481689692,0.07424458116293
19.5793771743774,0.048965755850077,-0.059461381286383,0.074255406856537
19.5992908477783,0.048951286822558,-0.059487439692021,0.074264973402023
19.6094160079956,0.04888765513897,-0.059497840702534,0.07420614361763
19.6294314861298,0.048965197056532,-0.059479955583811,0.074203081429005
19.6393730640411,0.048944395035505,-0.059465575963259,0.074240483343601
19.6593351364136,0.048998273909092,-0.059569448232651,0.074161432683468
19.6701872348785,0.048955760896206,-0.059485368430615,0.074240304529667
19.6893856525421,0.048942614346743,-0.059475265443325,0.074247144162655
19.6993973255157,0.048972588032484,-0.059531915932894,0.074190057814121
19.7194404602051,0.048964314162731,-0.059497810900211,0.074248701334
19.7201707363129,0.048944663256407,-0.059463609009981,0.074250772595406
19.749321937561,0.048964142799378,-0.059543121606112,0.074186503887177
19.7499992847443,0.048933874815703,-0.059482827782631,0.074237711727619
19.7699110507965,0.048955403268337,-0.059469141066074,0.074242994189262
19.7707047462463,0.048945844173431,-0.059455577284098,0.074259787797928
19.7893893718719,0.048934437334538,-0.059485822916031,0.07425057142973
19.7994103431702,0.048973094671965,-0.059475552290678,0.074189439415932
19.8196020126343,0.04896366968751,-0.059501960873604,0.074169963598251
19.8208174705505,0.048935733735561,-0.059481415897608,0.074243642389774
19.8493056297302,0.04893496260047,-0.059482596814633,0.074241392314434
19.8595736026764,0.048985924571753,-0.059532526880503,0.074170015752316
19.8793511390686,0.048929791897535,-0.059469923377037,0.074231281876564
19.8900570869446,0.048944171518087,-0.059501390904188,0.074230805039406
19.9092648029327,0.048947956413031,-0.05947046354413,0.074251413345337
19.9101943969727,0.048955358564854,-0.059452634304762,0.074227683246136
19.9294245243073,0.048984583467245,-0.059522040188313,0.074173405766487
19.9394512176514,0.048923093825579,-0.059467159211636,0.074252992868424
19.9601392745972,0.048927515745163,-0.059456910938025,0.074244856834412
19.9693925380707,0.048940487205982,-0.059480406343937,0.074253231287003
19.9792153835297,0.048930406570435,-0.059479594230652,0.074234001338482
19.9893736839294,0.048952411860228,-0.059497319161892,0.074194096028805
19.9994947910309,0.048943299800158,-0.059457629919052,0.07424982637167
20.0196406841278,0.048917360603809,-0.059571471065283,0.074137151241303
20.0394704341888,0.048980869352818,-0.059522446244955,0.07417730987072
20.0403475761414,0.048919692635536,-0.059428378939629,0.074201039969921
20.0591833591461,0.048973619937897,-0.059538416564465,0.074226446449757
20.0694160461426,0.048932511359453,-0.05946796387434,0.074244223535061
20.0792615413666,0.04898526892066,-0.059563275426626,0.07417519390583
20.0895266532898,0.048942133784294,-0.059475556015968,0.07422598451376
20.109203338623,0.048968613147736,-0.059536967426539,0.074172154068947
20.1195635795593,0.04895506054163,-0.059465009719133,0.074230194091797
20.1294944286346,0.048965256661177,-0.059497151523829,0.074241012334824
20.1392364501953,0.048972561955452,-0.059530101716518,0.074196539819241
20.1595003604889,0.048937000334263,-0.059470575302839,0.074244044721127
20.1693644523621,0.048956673592329,-0.059505414217711,0.074202597141266
20.1891763210297,0.048917733132839,-0.05945847183466,0.074237860739231
20.1900389194489,0.048910949379206,-0.059432476758957,0.074258685112
20.1993160247803,0.048946559429169,-0.059503365308046,0.074228905141354
20.2093315124512,0.048914551734924,-0.059463728219271,0.074228391051293
20.2293174266815,0.048936661332846,-0.05948842689395,0.074247539043427
20.2491767406464,0.048946239054203,-0.059544958174229,0.074184358119965
20.2591819763184,0.048896931111813,-0.059449769556522,0.074252985417843
20.2695965766907,0.048910267651081,-0.059478618204594,0.074258595705032
20.2891819477081,0.048966307193041,-0.059536688029766,0.074179567396641
20.2903084754944,0.048947967588902,-0.059489294886589,0.074212364852429
20.3093068599701,0.048922285437584,-0.059473354369402,0.074241980910301
20.3192942142487,0.048939127475023,-0.059440080076456,0.074234321713448
20.3293876647949,0.048977307975292,-0.059527050703764,0.074166148900986
20.3393044471741,0.048989359289408,-0.059520687907934,0.074167042970657
20.359148979187,0.048944890499115,-0.059479951858521,0.074209719896317
20.3600709438324,0.048936206847429,-0.05948992818594,0.074224948883057
20.3794243335724,0.048952344805002,-0.059500198811293,0.074245020747185
20.3891801834106,0.048969388008118,-0.059506855905056,0.074205584824085
20.4091856479645,0.048986304551363,-0.059537447988987,0.074171744287014
20.419682264328,0.048960242420435,-0.059494554996491,0.074229039251804
20.4391489028931,0.048949208110571,-0.059498481452465,0.074215866625309
20.4400918483734,0.048951894044876,-0.059492908418179,0.074213437736034
20.4592554569244,0.048962559551001,-0.059472821652889,0.074192278087139
20.4692776203156,0.048983510583639,-0.059490114450455,0.074194453656674
20.4794087409973,0.048985607922077,-0.059525474905968,0.07420701533556
20.4893801212311,0.048966404050589,-0.059531044214964,0.074213095009327
20.4992249011993,0.048975076526404,-0.059541516005993,0.074176095426083
