2.14900469779968,-1.04203391075134,0.001337605994195,0.845675110816956
2.15891265869141,-1.03962779045105,0.001368491444737,0.845731556415558
2.16892552375793,-1.03735268115997,0.001283905119635,0.845793128013611
2.16974687576294,-1.03509294986725,0.001308887149207,0.845853626728058
2.1889636516571,-1.03265714645386,0.00131026073359,0.845920443534851
2.19916176795959,-1.03008687496185,0.001277083414607,0.845998764038086
2.20892786979675,-1.02750647068024,0.001312276115641,0.84603875875473
2.21930575370789,-1.02501845359802,0.001279914635234,0.846106231212616
2.24934458732605,-1.01783525943756,0.001321171992458,0.846270382404327
2.25898623466492,-1.01254642009735,0.001296058762819,0.846420228481293
2.27934861183166,-1.00525867938995,0.001327243400738,0.846532642841339
2.2892062664032,-1.00244104862213,0.001345106167719,0.846596956253052
2.29891562461853,-0.999784111976624,0.001363715273328,0.846628606319428
2.29986619949341,-0.997194290161133,0.001352282939479,0.846660256385803
2.30899333953857,-0.994758546352386,0.001389117678627,0.846684634685516
2.31904697418213,-0.992363035678864,0.001385662239045,0.846718907356262
2.33900237083435,-0.98688018321991,0.001423181383871,0.8467817902565
2.34931421279907,-0.984108746051788,0.001404498936608,0.846815705299377
2.35910987854004,-0.981537878513336,0.001436067279428,0.846843957901001
2.36937117576599,-0.978982269763946,0.001465993002057,0.84686952829361
2.36994338035583,-0.976517677307129,0.001485558575951,0.846870601177216
2.38923192024231,-0.970858633518219,0.001543693942949,0.846927285194397
2.39921307563782,-0.968055903911591,0.001603656215593,0.846953809261322
2.4091944694519,-0.965417504310608,0.001640713657252,0.846941709518433
2.41931414604187,-0.962899088859558,0.001661671092734,0.846956670284271
2.4291934967041,-0.960279881954193,0.00171904778108,0.846968293190002
2.43976759910583,-0.954375505447388,0.00185011420399,0.847007572650909
2.44939494132996,-0.95158177614212,0.001865125144832,0.84701943397522
2.45935034751892,-0.948892772197723,0.001898394315504,0.847006261348724
2.46019387245178,-0.946285903453827,0.001966356299818,0.847010433673858
2.46917986869812,-0.943562269210815,0.002058710670099,0.847009122371674
2.47923636436462,-0.937581419944763,0.002191165462136,0.847034335136414
2.48910236358643,-0.934787750244141,0.002225323813036,0.847081065177918
2.4992470741272,-0.932084262371063,0.002342890482396,0.847052574157715
2.50906920433044,-0.929440438747406,0.002395530929789,0.847037553787231
2.52951407432556,-0.923335194587708,0.002590356161818,0.847065389156342
2.53865003585815,-0.920365810394287,0.002667733933777,0.847069680690765
2.53967475891113,-0.917465329170227,0.002761114621535,0.847104251384735
2.54912185668945,-0.914779722690582,0.002841213019565,0.847101986408233
2.5590808391571,-0.912039995193481,0.002983901882544,0.847092628479004
2.5791711807251,-0.905821919441223,0.003139462089166,0.847143650054931
2.58906650543213,-0.902808368206024,0.003280437318608,0.847185492515564
2.590083360672,-0.899962306022644,0.003410592442378,0.847207546234131
2.59929418563843,-0.897167146205902,0.003499983577058,0.847230732440949
2.60907769203186,-0.894226253032684,0.003592954715714,0.847274482250214
2.62989044189453,-0.887928247451782,0.003875708207488,0.847389161586762
2.63918209075928,-0.884887218475342,0.003958520013839,0.847390413284302
2.64906930923462,-0.882019817829132,0.004094100557268,0.847468554973602
2.64999127388,-0.879200875759125,0.004240195266902,0.847515404224396
2.6692488193512,-0.872868597507477,0.004458244424313,0.84760981798172
2.67913007736206,-0.869753003120422,0.004594783298671,0.847661554813385
2.68905854225159,-0.866782188415527,0.004708814900368,0.847759604454041
2.690016746521,-0.86386114358902,0.004860328976065,0.847799479961395
2.69946146011353,-0.860952138900757,0.004974060691893,0.847835302352905
2.71901416778564,-0.854423761367798,0.005256180185825,0.847976803779602
2.72942471504211,-0.851275563240051,0.005383233074099,0.848037898540497
2.73895907402039,-0.848294734954834,0.005496616940945,0.848057448863983
2.73990178108215,-0.845351755619049,0.005651021841913,0.848127663135529
2.74897408485413,-0.842238306999206,0.005821952130646,0.848143756389618
2.76911067962646,-0.835681974887848,0.006071879062802,0.848274290561676
2.97896909713745,-0.75575202703476,0.009457803331316,0.849334180355072
2.98885893821716,-0.752698421478272,0.009546804241836,0.849333882331848
2.9990406036377,-0.745795071125031,0.009901235811412,0.849421858787537
3.00892400741577,-0.742479801177979,0.009975014254451,0.849454581737518
3.00982618331909,-0.739234328269959,0.010124543681741,0.849466919898987
3.01907658576965,-0.736160039901733,0.010264181531966,0.849475681781769
3.02914142608643,-0.73306804895401,0.010395144112408,0.849467694759369
3.0491623878479,-0.726134896278381,0.010645885020495,0.849506437778473
3.05896425247192,-0.722865045070648,0.010778717696667,0.849509119987488
3.05985307693481,-0.719679713249206,0.01093848515302,0.849468946456909
3.0688681602478,-0.71662712097168,0.011053154245019,0.84948068857193
3.08912706375122,-0.709844887256622,0.011310164816678,0.849403858184814
3.0991735458374,-0.706473112106323,0.011448247358203,0.849410057067871
3.10883808135986,-0.703245341777802,0.011606710962951,0.849364578723908
3.10976767539978,-0.700110554695129,0.011709094047546,0.849336624145508
3.11887955665588,-0.696956098079681,0.011848998256028,0.849219799041748
3.13893628120422,-0.690101861953735,0.012156932614744,0.849133014678955
3.14916586875916,-0.686822712421417,0.012260847724974,0.849085986614227
3.15899252891541,-0.683610081672668,0.012407216243446,0.848917841911316
3.16892981529236,-0.680554032325745,0.012549103237689,0.848851919174194
3.17923498153687,-0.67369794845581,0.012863242998719,0.848661184310913
3.18935298919678,-0.67039966583252,0.012976417317987,0.848528802394867
3.19920086860657,-0.66713011264801,0.013103541918099,0.848367750644684
3.20912408828735,-0.664066970348358,0.013265774585307,0.848261654376983
3.21012473106384,-0.66087418794632,0.013419296592474,0.848102033138275
3.23922729492187,-0.653994143009186,0.013711679726839,0.847866952419281
3.24015140533447,-0.650762856006622,0.013786317780614,0.847684502601624
3.24926590919495,-0.647639274597168,0.013973680324853,0.847541272640228
3.25919961929321,-0.644535839557648,0.014153369702399,0.847371518611908
3.27925133705139,-0.637653768062592,0.014389451593161,0.847059309482574
3.28010773658752,-0.634345233440399,0.014516363851726,0.846890687942505
3.28927659988403,-0.631186008453369,0.014637764543295,0.846752166748047
3.299560546875,-0.628054857254028,0.014841384254396,0.846566081047058
3.3193986415863,-0.621254503726959,0.015032090246677,0.846232533454895
3.32030391693115,-0.617884337902069,0.01520059723407,0.846064507961273
3.32937955856323,-0.614679634571075,0.015330504626036,0.845916450023651
3.339200258255,-0.611560821533203,0.015488238073886,0.845722794532776
3.34914565086365,-0.608407318592072,0.01560090854764,0.845544517040253
3.36926412582397,-0.601485311985016,0.015831617638469,0.845215320587158
3.37004542350769,-0.598261535167694,0.015951365232468,0.845059275627136
3.37894034385681,-0.595081627368927,0.016117949038744,0.84489780664444
3.38889789581299,-0.592020511627197,0.016230270266533,0.844711422920227
3.4092059135437,-0.58517062664032,0.016453227028251,0.844391107559204
3.41003632545471,-0.581861257553101,0.016560720279813,0.844207882881165
3.41890168190002,-0.578642427921295,0.016717897728086,0.844023942947388
3.42926073074341,-0.575514435768127,0.01681474968791,0.843863189220428
3.43903565406799,-0.572466254234314,0.016928303986788,0.843653976917267
3.45886397361755,-0.565702080726624,0.017132299020887,0.843356847763062
3.45983004570007,-0.562425374984741,0.01723681204021,0.843170762062073
3.46900606155395,-0.559265792369843,0.017314018681645,0.843004941940308
3.47921228408813,-0.556210100650787,0.017412096261978,0.842775464057922
3.48889470100403,-0.553104877471924,0.01749137789011,0.842609345912933
3.50889730453491,-0.546358525753021,0.017674662172794,0.84230387210846
3.51891994476318,-0.543065071105957,0.017779419198632,0.842171847820282
3.51978707313538,-0.539978623390198,0.017862664535642,0.841975569725037
3.52920198440552,-0.536939144134522,0.017904592677951,0.841820776462555
3.54903817176819,-0.530132591724396,0.018065823242068,0.841441690921783
3.55881190299988,-0.526845216751099,0.018135122954846,0.84134715795517
3.55972671508789,-0.523645758628845,0.01831472478807,0.84120374917984
3.56893825531006,-0.520594656467438,0.018403796479106,0.841012835502625
3.57907295227051,-0.517383277416229,0.018474474549294,0.840855300426483
3.58917331695557,-0.513987600803375,0.018519947305322,0.840653955936432
3.59892129898071,-0.51059365272522,0.018589878454805,0.840504705905914
3.60885739326477,-0.507341206073761,0.018692618235946,0.840322732925415
3.60989451408386,-0.504227042198181,0.018799783661962,0.840128004550934
3.61859750747681,-0.501133978366852,0.018874071538448,0.840001165866852
3.64905071258545,-0.494313657283783,0.019089389592409,0.83966475725174
3.64998054504395,-0.491033285856247,0.019117247313261,0.839467406272888
3.65882682800293,-0.487829208374023,0.019227871671319,0.839251101016998
3.66885423660278,-0.484720468521118,0.019271289929748,0.83909809589386
3.66976523399353,-0.481662780046463,0.019395831972361,0.838891327381134
3.68888235092163,-0.474821418523788,0.019579811021686,0.838575065135956
3.69885301589966,-0.471540421247482,0.019681753590703,0.838398516178131
3.70878887176514,-0.468366384506226,0.019786302000284,0.838256180286408
3.70968246459961,-0.46535587310791,0.019830128178001,0.838061213493347
3.72922611236572,-0.45866048336029,0.020010266453028,0.837735593318939
3.73892760276794,-0.455260574817658,0.020147768780589,0.83757871389389
3.75880527496338,-0.448888450860977,0.020295925438404,0.837242305278778
3.75982403755188,-0.445830911397934,0.020363666117191,0.837076902389526
3.78886437416077,-0.438922256231308,0.020562840625644,0.836809933185577
3.78978157043457,-0.435586661100388,0.020681519061327,0.83666455745697
3.79918742179871,-0.432413548231125,0.0207354798913,0.836543560028076
3.80880951881409,-0.429297566413879,0.020916391164065,0.836335480213165
3.82920932769775,-0.42245751619339,0.021090706810355,0.836083650588989
3.83007740974426,-0.419147223234177,0.021163692697883,0.835886001586914
3.83883905410767,-0.415837436914444,0.021300956606865,0.835743129253387
3.85885190963745,-0.409545391798019,0.021488280966878,0.835416972637177
3.85977792739868,-0.406089305877686,0.021598435938358,0.835249900817871
3.86908888816833,-0.402696073055267,0.021731099113822,0.835145473480225
3.87889218330383,-0.399401813745499,0.021876575425267,0.835024297237396
3.88889336585999,-0.396238505840302,0.022023554891348,0.83482825756073
3.89912462234497,-0.393095910549164,0.022117879241705,0.83470630645752
3.91897368431091,-0.386219024658203,0.022400772199035,0.834422111511231
3.91975998878479,-0.38291135430336,0.022505067288876,0.834284424781799
3.92927193641663,-0.379726082086563,0.022659683600068,0.83411031961441
3.93886089324951,-0.376665353775024,0.022732820361853,0.833953857421875
3.9589159488678,-0.369894564151764,0.023017566651106,0.833701193332672
3.9599621295929,-0.366491436958313,0.023184975609183,0.833598434925079
3.98886561393738,-0.360164791345596,0.023379547521472,0.833275139331818
3.98974251747131,-0.357002377510071,0.023577708750963,0.833158552646637
4.00895643234253,-0.35011214017868,0.023834681138396,0.832931280136108
4.01902437210083,-0.346847355365753,0.023894427344203,0.832800507545471
4.01991105079651,-0.343688249588013,0.024099482223392,0.832655668258667
4.02931618690491,-0.340670675039291,0.024203268811107,0.832523882389069
4.04923701286316,-0.333898305892944,0.024471774697304,0.83225417137146
4.05889105796814,-0.330525279045105,0.0246248729527,0.832121551036835
4.05976414680481,-0.32729434967041,0.024773169308901,0.832006275653839
4.06911063194275,-0.324211180210113,0.024915046989918,0.831851243972778
4.07916831970215,-0.321140587329864,0.025068076327443,0.831728756427765
4.09910392761231,-0.314410150051117,0.025329595431686,0.831463634967804
4.10906291007996,-0.311149626970291,0.025460289791226,0.831275403499603
4.11914944648743,-0.307970702648163,0.025599239394069,0.831192493438721
4.12001442909241,-0.304912537336349,0.025747258216143,0.830991268157959
4.12900495529175,-0.301845461130142,0.025859719142318,0.830855309963226
4.14921522140503,-0.295035839080811,0.026116920635104,0.830546319484711
4.15905809402466,-0.2917400598526,0.026267874985933,0.83044558763504
4.17931652069092,-0.285640716552734,0.026468487456441,0.830118536949158
4.1803605556488,-0.282364815473557,0.026674946770072,0.829924762248993
4.18908858299255,-0.279025465250015,0.026748858392239,0.829831182956696
4.19920825958252,-0.275677919387817,0.026945903897286,0.829680800437927
4.21865606307983,-0.269517719745636,0.027105148881674,0.829364001750946
4.21961188316345,-0.266424953937531,0.027287930250168,0.829217612743378
4.24918603897095,-0.259616136550903,0.027525560930371,0.828920006752014
4.25022625923157,-0.256453573703766,0.027617560699582,0.828847169876099
4.25905060768127,-0.253377139568329,0.027713702991605,0.828658998012543
4.26005816459656,-0.250341296195984,0.027831440791488,0.828485548496246
4.26908421516418,-0.24723544716835,0.028014216572046,0.828399777412415
4.28907346725464,-0.240657418966293,0.028278360143304,0.828159630298615
4.29920649528503,-0.237602308392525,0.02835189178586,0.82805722951889
4.30891442298889,-0.234654396772385,0.028435377404094,0.827874004840851
4.30980634689331,-0.231825262308121,0.028603848069906,0.827754378318787
4.32863593101501,-0.225431814789772,0.028799429535866,0.827490389347076
4.33904910087585,-0.22220504283905,0.028881810605526,0.827377259731293
4.34888458251953,-0.219044759869575,0.029062053188682,0.827263295650482
4.36890006065369,-0.213308319449425,0.029243910685182,0.826969087123871
4.36982417106628,-0.210393965244293,0.029383167624474,0.82684588432312
4.39904451370239,-0.204167038202286,0.029606720432639,0.826612770557404
4.40029072761536,-0.201223015785217,0.029657991603017,0.826474785804749
4.40883564949036,-0.198373362421989,0.029798649251461,0.826354801654816
4.41892027854919,-0.195640429854393,0.029914693906903,0.826228320598602
4.42924237251282,-0.189508438110352,0.030112823471427,0.826024949550629
4.43882322311401,-0.186471864581108,0.030292067676783,0.825883150100708
4.45877957344055,-0.18092006444931,0.030464123934507,0.82562780380249
4.46886992454529,-0.178321987390518,0.030555225908756,0.8255375623703
4.48885154724121,-0.172552227973938,0.030745148658753,0.825271844863892
4.48976445198059,-0.169717162847519,0.030865492299199,0.82515561580658
4.49881935119629,-0.167048439383507,0.031019048765302,0.825080931186676
4.5188353061676,-0.161872118711472,0.03122709877789,0.82477730512619
4.51975297927856,-0.159001767635345,0.031291991472244,0.824675738811493
4.52945327758789,-0.156220465898514,0.031432136893272,0.824579358100891
4.5388343334198,-0.153609231114387,0.031544279307127,0.824453115463257
4.54907941818237,-0.151160836219788,0.031630456447601,0.824305534362793
4.55883193016052,-0.148788541555405,0.031685568392277,0.824157953262329
4.57906675338745,-0.143526092171669,0.031959775835276,0.823949158191681
4.58011507987976,-0.140874102711678,0.032089240849018,0.823820114135742
4.59882569313049,-0.136281535029411,0.032297816127539,0.823557257652283
4.60880541801453,-0.133991599082947,0.032385837286711,0.82341343164444
4.62905955314636,-0.128810420632362,0.032624591141939,0.823245882987976
4.62981986999512,-0.126476630568504,0.032754234969616,0.823125720024109
4.63887310028076,-0.124248079955578,0.032827537506819,0.822984158992767
4.64931964874268,-0.122144274413586,0.032961875200272,0.822872817516327
4.65882563591003,-0.11987891048193,0.033055044710636,0.822749853134155
4.67907094955444,-0.115080013871193,0.033281061798334,0.82257091999054
4.68879723548889,-0.112968161702156,0.033382818102837,0.822484016418457
4.68966817855835,-0.11093333363533,0.033503461629152,0.822366952896118
4.69879221916199,-0.108982093632221,0.03358967602253,0.822205483913422
4.71931219100952,-0.104372784495354,0.033756412565708,0.822080910205841
4.72930312156677,-0.102295927703381,0.033804908394814,0.821939527988434
4.73888373374939,-0.098525851964951,0.034018371254206,0.821752429008484
4.74899935722351,-0.096578486263752,0.034209556877613,0.821675002574921
4.76896524429321,-0.092387810349465,0.034378990530968,0.821528792381287
4.77891564369202,-0.090559132397175,0.034461557865143,0.821440756320953
4.77978181838989,-0.088708378374577,0.034607969224453,0.821389675140381
4.79903960227966,-0.085208915174008,0.034798379987478,0.821207165718079
4.80881333351135,-0.083158828318119,0.034878648817539,0.821095407009125
4.81878304481506,-0.081248238682747,0.034956574440003,0.821101725101471
4.83890318870544,-0.077959805727005,0.035123109817505,0.820915937423706
4.84895157814026,-0.07640016078949,0.035252902656794,0.820811331272125
4.85887885093689,-0.072751194238663,0.035385485738516,0.820725083351135
4.86878538131714,-0.071013703942299,0.035468306392431,0.820640623569489
4.86966419219971,-0.069423653185368,0.03559460118413,0.820602059364319
4.88877892494202,-0.066601537168026,0.035756889730692,0.820440411567688
4.89914035797119,-0.064801298081875,0.035867083817721,0.820410013198852
4.90877461433411,-0.063150212168694,0.03588767722249,0.820370435714722
4.90991044044495,-0.061515238136053,0.036019209772348,0.820264756679535
4.92904925346375,-0.058712434023619,0.036190140992403,0.820201873779297
4.9487931728363,-0.057358622550964,0.036232620477676,0.82008957862854
4.95880126953125,-0.054103210568428,0.036371562629938,0.820021390914917
4.96879529953003,-0.052639946341515,0.036392975598574,0.819920897483826
4.97894978523254,-0.050167392939329,0.036579828709364,0.819822728633881
4.98875069618225,-0.04868546500802,0.03664905577898,0.819672346115112
5.00877141952515,-0.045623626559973,0.036822054535151,0.81965708732605
5.01880598068237,-0.044279366731644,0.036910727620125,0.819536924362183
5.02922010421753,-0.043083928525448,0.03701413422823,0.819510340690613
5.03878879547119,-0.04072055593133,0.037088613957167,0.819299221038818
5.04887986183167,-0.039205584675074,0.037163902074099,0.819297730922699
5.06902980804443,-0.0368064455688,0.037263903766871,0.819105267524719
5.07909226417542,-0.035731099545956,0.037327539175749,0.819006204605102
5.08876156806946,-0.034541692584753,0.037455059587956,0.818940341472626
5.09870862960815,-0.0317352861166,0.037581380456686,0.818842113018036
5.10873103141785,-0.030574137344956,0.037582315504551,0.818725168704987
5.11912727355957,-0.029470648616552,0.037674520164728,0.818612992763519
5.13909292221069,-0.027389138936997,0.037785895168781,0.818456470966339
5.14003133773804,-0.026074727997184,0.037767324596644,0.818368196487427
5.14917683601379,-0.024855641648173,0.037813723087311,0.81829035282135
5.15910935401917,-0.023705882951617,0.037889536470175,0.818224191665649
5.16899108886719,-0.022762252017856,0.03789821267128,0.818122148513794
5.16988039016724,-0.021927651017904,0.037991788238287,0.8179811835289
5.17893290519714,-0.021237654611468,0.038008935749531,0.817865073680878
5.18901991844177,-0.020641380921006,0.038011733442545,0.817772150039673
5.19891023635864,-0.019845277070999,0.038030710071325,0.817626655101776
5.20886611938477,-0.019045978784561,0.038091313093901,0.817574799060822
5.21867322921753,-0.018411530181766,0.038141801953316,0.817505896091461
5.21955704689026,-0.017860101535916,0.038151331245899,0.817403435707092
5.23891139030457,-0.01622224599123,0.038199406117201,0.81718111038208
5.24905633926392,-0.015542303211987,0.038238238543272,0.817081987857819
5.25888538360596,-0.014984136447311,0.038272988051176,0.817002952098846
5.26941871643066,-0.014307421632111,0.038319256156683,0.816910445690155
5.27888369560242,-0.013453260995448,0.038352146744728,0.816840827465057
5.2889130115509,-0.012284728698433,0.038381885737181,0.816623032093048
5.29922986030579,-0.01181113999337,0.038421012461186,0.816507816314697
5.31891441345215,-0.010412730276585,0.038436815142632,0.81640487909317
5.32916283607483,-0.009876410476863,0.038418632000685,0.816331088542938
5.3388524055481,-0.009504961781204,0.038417778909206,0.816239058971405
5.33980274200439,-0.00915455352515,0.038488063961268,0.816144585609436
5.34893774986267,-0.008645929396153,0.038459304720163,0.816068530082703
5.35885977745056,-0.008223998360336,0.038476634770632,0.815988004207611
5.3688063621521,-0.007889780215919,0.038490694016218,0.815929651260376
5.3788332939148,-0.007686589378864,0.038488533347845,0.81582647562027
5.37972164154053,-0.007603072561324,0.03847360983491,0.815725803375244
5.38873791694641,-0.007344348821789,0.038490518927574,0.815658450126648
5.39893746376038,-0.006993277464062,0.038501206785441,0.81560742855072
5.40875124931335,-0.006827697623521,0.038455370813608,0.815547049045563
5.41889905929565,-0.006740638520569,0.038472529500723,0.815466642379761
5.41997122764587,-0.006808583624661,0.038450438529253,0.815382659435272
5.42894434928894,-0.006770718377084,0.038454685360193,0.815314292907715
5.43923449516296,-0.006538663990796,0.038466822355986,0.815276026725769
5.4490339756012,-0.006402850151062,0.038517244160175,0.815230250358581
5.46906852722168,-0.006602095905691,0.038453638553619,0.815103530883789
5.4699981212616,-0.006800507195294,0.038390576839447,0.815054416656494
5.4889988899231,-0.006657980848104,0.038393046706915,0.814966201782227
5.4990177154541,-0.006756049580872,0.03839148581028,0.814918160438538
5.50906276702881,-0.007018655538559,0.038345124572516,0.814846336841583
5.51906108856201,-0.007333132438362,0.0383753888309,0.814804017543793
5.5291473865509,-0.007389955688268,0.038371317088604,0.814754009246826
5.53909730911255,-0.007551306392998,0.038382031023502,0.814740717411041
5.54932975769043,-0.007849186658859,0.038379695266485,0.814690589904785
5.55899286270142,-0.008228207938373,0.038411676883698,0.814648628234863
5.56900572776794,-0.008513106033206,0.038411930203438,0.814595878124237
5.57905912399292,-0.008765641599894,0.03840584307909,0.814536333084106
5.58890247344971,-0.009118172340095,0.03833631798625,0.814492881298065
5.59889721870422,-0.009561687707901,0.038296960294247,0.81443589925766
5.60893797874451,-0.010031378827989,0.03827140852809,0.81436014175415
5.61892914772034,-0.010438323020935,0.038295775651932,0.814312100410461
5.62939548492432,-0.010782245546579,0.038308989256621,0.814215183258056
5.63890647888184,-0.011222222819924,0.038312874734402,0.814169943332672
5.64916586875916,-0.011831142008305,0.038286671042442,0.814070343971252
5.66837120056152,-0.012316135689616,0.038274507969618,0.813998937606812
5.66926026344299,-0.012663650326431,0.03825356066227,0.813971400260925
5.67906546592712,-0.013147247023881,0.038268908858299,0.81390368938446
5.6888632774353,-0.013739437796176,0.038265630602837,0.813817501068115
5.6990122795105,-0.014224225655198,0.038293518126011,0.813734948635101
5.70898699760437,-0.014552257023752,0.038232047110796,0.813675463199616
5.71890783309937,-0.014894299209118,0.038277193903923,0.813604354858398
5.71981072425842,-0.015353795140982,0.038266636431217,0.813551068305969
5.72978830337524,-0.015898110345006,0.038277085870504,0.8134725689888
5.73888158798218,-0.016539668664336,0.038320146501064,0.813413977622986
5.75896215438843,-0.017159976065159,0.038265414535999,0.813354969024658
5.76892113685608,-0.017595993354917,0.038249544799328,0.813302993774414
5.77899074554443,-0.018139177933335,0.038236629217863,0.813251376152039
5.77989840507507,-0.018773594871163,0.038262985646725,0.813218414783478
5.7990665435791,-0.019524561241269,0.03828102350235,0.81315541267395
5.8088538646698,-0.019925618544221,0.038290746510029,0.813148319721222
5.81885886192322,-0.020412078127265,0.038311719894409,0.813124299049377
5.82917714118958,-0.021028243005276,0.038365095853806,0.813072443008423
5.83885264396668,-0.02162216976285,0.038375936448574,0.81303346157074
5.84877848625183,-0.022265853360295,0.038368608802557,0.813013553619385
5.85878086090088,-0.022728104144335,0.038379851728678,0.813019931316376
5.86915445327759,-0.023259002715349,0.038403298705816,0.813008248806
5.86992478370667,-0.023947386071086,0.038460526615381,0.812977910041809
5.87892723083496,-0.024482673034072,0.038469225168228,0.812978804111481
5.89896583557129,-0.025191448628903,0.038469634950161,0.81302011013031
5.90880346298218,-0.025708632543683,0.038490865379572,0.813034892082214
5.91878604888916,-0.026296539232135,0.038524415344,0.813041746616364
5.91962909698486,-0.026901036500931,0.038572926074267,0.813050627708435
5.93882632255554,-0.027464997023344,0.038610816001892,0.813122153282166
5.94894456863403,-0.027942534536123,0.038615383207798,0.81312894821167
5.95903038978577,-0.028488157317042,0.038605775684118,0.81314754486084
5.96888899803162,-0.029107499867678,0.038634799420834,0.813134014606476
5.96979737281799,-0.029581435024738,0.03868093714118,0.813190817832947
5.98877692222595,-0.030093694105744,0.038739033043385,0.813232839107513
5.99869704246521,-0.030538165941835,0.038744136691094,0.81328022480011
6.00873899459839,-0.031081551685929,0.038784395903349,0.813300728797913
6.01879096031189,-0.031680073589087,0.03884894400835,0.813291370868683
6.03833293914795,-0.032319564372301,0.038922529667616,0.813320577144623
6.03919291496277,-0.032644048333168,0.038971662521362,0.813361763954163
6.04897332191467,-0.033084064722061,0.039003066718578,0.813381254673004
6.05868792533875,-0.03365869820118,0.039025098085404,0.813428163528442
6.06882190704346,-0.034177090972662,0.039102967828512,0.813493609428406
6.0790638923645,-0.034544587135315,0.039189130067825,0.813599169254303
6.08874320983887,-0.03485681116581,0.039272833615542,0.813624441623688
6.09915447235107,-0.035241276025772,0.039305880665779,0.81368488073349
6.10865092277527,-0.035779874771834,0.039401225745678,0.813703119754791
6.11870241165161,-0.036261167377234,0.039453439414501,0.813733637332916
6.12883019447327,-0.036674622446299,0.039551142603159,0.813879489898681
6.1390438079834,-0.037001304328442,0.039625130593777,0.813969016075134
6.14909029006958,-0.037448961287737,0.039675712585449,0.814036905765533
6.15876531600952,-0.037979051470757,0.03972165286541,0.814137518405914
6.17878293991089,-0.038331929594278,0.039834227412939,0.814339756965637
6.1796977519989,-0.038544606417418,0.039920412003994,0.814451813697815
6.18868041038513,-0.038883801549673,0.039998579770327,0.814575910568237
6.19878911972046,-0.039284560829401,0.040093120187521,0.814658641815185
6.2087299823761,-0.039680972695351,0.040169976651669,0.81477826833725
6.21869659423828,-0.039863426238299,0.040309928357601,0.815076231956482
6.22879886627197,-0.040134973824024,0.040336772799492,0.815224945545197
6.23876714706421,-0.040470145642758,0.0403888002038,0.815386235713959
6.24890232086182,-0.040897030383349,0.040480449795723,0.815531134605408
6.25870609283447,-0.041197340935469,0.040563721209765,0.815677344799042
6.27874994277954,-0.041371803730726,0.040749493986368,0.816035032272339
6.27924084663391,-0.041647277772427,0.040810432285071,0.816184461116791
6.28896594047546,-0.042036436498165,0.040883429348469,0.816331326961517
6.29892992973328,-0.042407687753439,0.040980085730553,0.816503286361694
6.31866884231567,-0.042493768036366,0.041144993156195,0.816917479038239
6.31951546669006,-0.042623203247786,0.041241176426411,0.817115843296051
6.32894897460938,-0.042864874005318,0.041340410709381,0.817331731319428
6.33878540992737,-0.043182421475649,0.041462250053883,0.817531764507294
6.34891176223755,-0.043406374752522,0.041612159460783,0.817757487297058
6.36869645118713,-0.043335042893887,0.041824195533991,0.818236589431763
6.37869238853455,-0.043434627354145,0.041949234902859,0.818498849868774
6.37924671173096,-0.04364875331521,0.042054407298565,0.818730533123016
6.38871574401856,-0.04395416751504,0.042195130139589,0.818961083889008
6.4086811542511,-0.043794941157103,0.042425058782101,0.81956684589386
6.41887998580933,-0.04374860227108,0.042571112513542,0.819822788238525
6.42894577980042,-0.043838441371918,0.042708989232779,0.820069432258606
6.42985129356384,-0.044035788625479,0.0428257137537,0.820308566093445
6.43870186805725,-0.044245861470699,0.042974952608347,0.820548593997955
6.45876121520996,-0.043913062661886,0.043266762048006,0.82109922170639
6.46867227554321,-0.043864458799362,0.043398167937994,0.82136881351471
6.47902393341064,-0.043916765600443,0.043523099273443,0.8216313123703
6.47996759414673,-0.044059939682484,0.043664187192917,0.821933090686798
6.49870300292969,-0.043582245707512,0.043981302529574,0.82253485918045
6.50864911079407,-0.043323766440153,0.044157169759274,0.822822451591492
6.5187246799469,-0.043206345289946,0.044300235807896,0.823079586029053
6.52899980545044,-0.043177828192711,0.044445011764765,0.823356926441193
6.52990627288818,-0.043192632496357,0.044614993035793,0.823657810688019
6.54885983467102,-0.042409937828779,0.044921796768904,0.824268400669098
6.55863833427429,-0.042109776288271,0.045023590326309,0.824568748474121
6.5686686038971,-0.041866753250361,0.045266009867191,0.824857234954834
6.57879304885864,-0.041762840002775,0.045441102236509,0.8251793384552
6.57992720603943,-0.041666004806757,0.045611314475536,0.825467646121979
6.59873795509338,-0.040931601077318,0.045938938856125,0.826078414916992
6.60866975784302,-0.040663935244084,0.046110201627016,0.826376974582672
6.61867380142212,-0.040394086390734,0.046344593167305,0.826707422733307
6.62897610664368,-0.040257263928652,0.046493049710989,0.827035546302795
6.6388897895813,-0.039250563830137,0.046856641769409,0.827656269073486
6.64886236190796,-0.038759090006352,0.046998593956232,0.827976047992706
6.65901899337769,-0.038314666599035,0.04719864204526,0.828277230262756
6.6689600944519,-0.038051355630159,0.047342665493488,0.828581690788269
6.67881512641907,-0.037856247276068,0.047473046928644,0.828885197639465
6.68884801864624,-0.036722704768181,0.047813482582569,0.829529762268066
6.698970079422,-0.036248840391636,0.048031345009804,0.829846680164337
6.70867395401001,-0.035919979214668,0.048173613846302,0.830146789550781
6.71898317337036,-0.035659961402416,0.048292201012373,0.830462396144867
6.72890090942383,-0.034360159188509,0.0487588532269,0.831100463867188
6.73867702484131,-0.033761937171221,0.048881802707911,0.831379055976868
6.74868226051331,-0.03325317427516,0.049048114567995,0.831692218780518
6.75862407684326,-0.032785791903734,0.049236942082644,0.832040369510651
6.76911664009094,-0.032389417290688,0.049436710774899,0.832302987575531
6.78870368003845,-0.031006623059511,0.049783658236265,0.832935392856598
6.78957319259644,-0.030361458659172,0.0500393435359,0.833249449729919
6.8086895942688,-0.029593164101243,0.050350178033114,0.833808779716492
6.81870865821838,-0.028981747105718,0.050582475960255,0.834119439125061
6.82905197143555,-0.027528380975127,0.050907641649246,0.834663391113281
6.84887671470642,-0.02694514580071,0.051133587956429,0.834961354732513
6.84986162185669,-0.026473991572857,0.051338978111744,0.835252702236176
6.85858368873596,-0.026130193844438,0.051508288830519,0.835497796535492
6.87887644767761,-0.024673910811544,0.051865551620722,0.836011528968811
6.88866662979126,-0.024027252569795,0.05205549299717,0.836264491081238
6.89863991737366,-0.023206990212202,0.052379816770554,0.83673483133316
6.91872954368591,-0.022707987576723,0.052630357444286,0.83697122335434
6.92887115478516,-0.021289294585586,0.053051631897688,0.837418079376221
6.92974209785461,-0.020688598975539,0.053257379680872,0.837654829025269
6.93871545791626,-0.020199362188578,0.053493805229664,0.837878227233887
6.94880509376526,-0.0198661275208,0.053652714937925,0.838101744651794
6.96866011619568,-0.018428225070238,0.054108034819365,0.838519155979157
6.96953701972961,-0.017839619889855,0.054304998368025,0.838735818862915
6.98865032196045,-0.017396418377757,0.054515793919563,0.838904440402985
6.98951005935669,-0.016955297440291,0.054777141660452,0.839097023010254
6.9986047744751,-0.016525650396943,0.055004443973303,0.839269578456879
7.01870250701904,-0.015057663433254,0.055352907627821,0.839668333530426
7.02866816520691,-0.014486380852759,0.055565062910318,0.8398517370224
7.03869032859802,-0.014050549827516,0.055785577744246,0.839989721775055
7.0488588809967,-0.013740245252848,0.0559939481318,0.840123653411865
7.0498583316803,-0.013261292129755,0.056274008005858,0.840280532836914
7.06876134872437,-0.011962704360485,0.056710887700319,0.840627372264862
7.0787308216095,-0.011443132534623,0.056933328509331,0.840810418128967
7.0889003276825,-0.011100118979812,0.057113580405712,0.840949296951294
7.09910893440247,-0.01079837884754,0.057344172149897,0.841076910495758
7.10885548591614,-0.00968206115067,0.057774022221565,0.84138286113739
7.11889958381653,-0.009211367927492,0.057998426258564,0.841555118560791
7.11959862709045,-0.008903358131647,0.058207109570503,0.841691911220551
7.13893938064575,-0.008701681159437,0.058425690978766,0.841793775558472
7.14861702919006,-0.008566340431571,0.058628715574741,0.841906905174255
7.15861296653748,-0.007530068978667,0.059080898761749,0.84223335981369
7.16883111000061,-0.007206321693957,0.059284392744303,0.842355132102966
7.17870354652405,-0.007017841562629,0.059520486742258,0.842466711997986
7.1889922618866,-0.006958899553865,0.059752438217402,0.842572927474976
7.19882345199585,-0.006040464621037,0.060199525207281,0.842852413654327
7.20863461494446,-0.005618200171739,0.060442242771387,0.842988789081574
7.21862936019897,-0.005355569068342,0.06066706776619,0.843113839626312
7.22899484634399,-0.005217181518674,0.060898035764694,0.843202114105225
7.23867964744568,-0.005121353082359,0.06109894067049,0.843300640583038
7.24861788749695,-0.004251578822732,0.061549536883831,0.843518257141113
7.25860571861267,-0.003995513543487,0.06174498796463,0.843633770942688
7.26869249343872,-0.003880579490215,0.061965942382813,0.84371155500412
7.2787184715271,-0.003873459529132,0.062184207141399,0.843792378902435
7.2887020111084,-0.003256761701778,0.062604203820229,0.844026803970337
7.29862475395203,-0.003030534368008,0.062778510153294,0.844133615493774
7.30870294570923,-0.0029261787422,0.062984570860863,0.844208657741547
7.31880235671997,-0.002925649983808,0.063183695077896,0.844300091266632
7.3288733959198,-0.002978561446071,0.063356578350067,0.844366133213043
7.33859658241272,-0.00247639301233,0.063701570034027,0.844586730003357
7.35855340957642,-0.002312263706699,0.063940435647965,0.844684898853302
7.36861634254456,-0.002308081602678,0.064127556979656,0.844767212867737
7.37865424156189,-0.002425205660984,0.064297057688236,0.844803154468536
7.38866448402405,-0.002117165364325,0.064782470464707,0.845116198062897
7.398677110672,-0.002085855230689,0.064949184656143,0.845194399356842
7.40826725959778,-0.002198436297476,0.065119162201881,0.845268785953522
7.41864657402039,-0.002390345558524,0.065323442220688,0.845314025878906
7.42884254455566,-0.002212763763964,0.065638855099678,0.845512270927429
7.43860268592835,-0.002163670025766,0.065784446895123,0.845585286617279
7.44877004623413,-0.002225665841252,0.065967097878456,0.845633387565613
7.45862722396851,-0.002424248494208,0.066109277307987,0.84566205739975
7.46870183944702,-0.002613383345306,0.066242143511772,0.845713376998901
7.47869443893433,-0.002368540037423,0.066516749560833,0.845841825008392
7.48868989944458,-0.002386712934822,0.066652856767178,0.845902681350708
7.49862098693848,-0.002524190582335,0.066770300269127,0.845939695835114
7.50863361358643,-0.002746088197455,0.066899031400681,0.845963478088379
7.51889729499817,-0.002923613646999,0.067048415541649,0.846028566360474
7.52907800674439,-0.002802959410474,0.067361675202847,0.846167504787445
7.53861093521118,-0.002910121809691,0.067492432892323,0.846220970153809
7.54860997200012,-0.00316377542913,0.067634180188179,0.846262991428375
7.55854415893555,-0.003470894647762,0.067752920091152,0.846310257911682
7.57876133918762,-0.003462531371042,0.06797668337822,0.846392810344696
7.57968807220459,-0.003537240670994,0.068099051713944,0.846435070037842
7.58860301971436,-0.003719065105543,0.0682103484869,0.846485555171967
7.59909272193909,-0.004027686547488,0.068275563418865,0.846482276916504
7.60865092277527,-0.004237301647663,0.068384431302548,0.846508085727692
7.61867499351501,-0.004116985946894,0.068641610443592,0.846615254878998
7.6291286945343,-0.004250615369529,0.068754129111767,0.846646904945374
7.63868141174316,-0.004579776898026,0.068817533552647,0.846673309803009
7.64865231513977,-0.004968161229044,0.068907745182514,0.846700668334961
7.66876459121704,-0.005096207838506,0.069083109498024,0.846778154373169
7.66953539848328,-0.005179274361581,0.069167703390122,0.846795737743378
7.67871570587158,-0.005391327664256,0.069240354001522,0.846802532672882
7.68864870071411,-0.005697051994503,0.069347068667412,0.846774756908417
7.69890975952148,-0.005971189122647,0.069414131343365,0.846765637397766
7.71868944168091,-0.005920793861151,0.069575257599354,0.846830427646637
7.71960711479187,-0.006044327281415,0.06963299959898,0.84684818983078
7.72901225090027,-0.006320158019662,0.069703541696072,0.846864998340607
7.73864650726318,-0.006677196826786,0.069787748157978,0.846891820430756
7.7586452960968,-0.006799280643463,0.069959543645382,0.846963763237
7.76862096786499,-0.006895944010466,0.070025682449341,0.847000300884247
7.76949572563171,-0.007106244564056,0.070084132254124,0.847031474113464
7.7787618637085,-0.00746446987614,0.070145227015019,0.847022712230682
7.78861212730408,-0.007811028044671,0.070199608802795,0.84704202413559
7.80871939659119,-0.007835244759917,0.07033434510231,0.847154855728149
7.81855940818787,-0.007973864674568,0.070401884615421,0.847173690795898
7.81942987442017,-0.008220170624554,0.070450827479363,0.847181737422943
7.8286018371582,-0.008545160293579,0.070529244840145,0.847193360328674
7.83858036994934,-0.008770027197897,0.070612266659737,0.847257494926453
7.85810136795044,-0.008768564090133,0.070739254355431,0.847334086894989
7.86857604980469,-0.008977302350104,0.070763319730759,0.847359895706177
7.86943054199219,-0.009315642528236,0.070825636386871,0.847376823425293
7.87853479385376,-0.009645664133132,0.070896998047829,0.847388744354248
7.89854860305786,-0.009674476459622,0.070999041199684,0.847454249858856
7.90854954719544,-0.009772333316505,0.071049347519875,0.847482323646545
7.91875505447388,-0.009973436594009,0.071077138185501,0.84749299287796
7.91987133026123,-0.010273532010615,0.071123518049717,0.84746664762497
7.92882108688355,-0.010576356202364,0.071138471364975,0.84743994474411
7.94906616210938,-0.010558353736997,0.071201369166374,0.847459197044373
7.95867323875427,-0.010675616562367,0.071239367127419,0.847434341907501
7.96858048439026,-0.010913695208728,0.071291334927082,0.847391963005066
7.96945476531982,-0.011217189021409,0.071359343826771,0.84733372926712
7.97857666015625,-0.011338945478201,0.071426570415497,0.847303152084351
7.99881863594055,-0.011307822540403,0.071488291025162,0.847161114215851
8.00879335403442,-0.011474642902613,0.071510747075081,0.847030520439148
8.01889681816101,-0.011718682944775,0.071545898914337,0.846893310546875
8.0285816192627,-0.012028721161187,0.071574918925762,0.846720814704895
8.03850030899048,-0.011984346434474,0.071640409529209,0.846325695514679
8.04861402511597,-0.01207428984344,0.071676343679428,0.846031069755554
8.05873560905457,-0.012292409315705,0.071691140532494,0.845740139484406
8.06859612464905,-0.012593035586178,0.07169371843338,0.84544849395752
8.07868218421936,-0.012714913114905,0.07169384509325,0.845119714736939
8.07973384857178,-0.012651274912059,0.071689441800118,0.844747304916382
8.08851003646851,-0.012684524990618,0.071696065366268,0.844371318817139
8.09875869750977,-0.012837002053857,0.07174813747406,0.843879997730255
8.10842442512512,-0.013039978221059,0.071791097521782,0.843405663967133
8.11857056617737,-0.013314845971763,0.071811333298683,0.842889606952667
8.12891936302185,-0.013263647444546,0.071849972009659,0.841714978218079
8.13856029510498,-0.013342674821615,0.071875192224979,0.841092050075531
8.15855741500855,-0.013509963639081,0.071854621171951,0.84039980173111
8.1597216129303,-0.01375491078943,0.0719079002738,0.839640080928803
8.16856861114502,-0.013947352766991,0.071905076503754,0.838865220546722
8.17852663993835,-0.013816020451486,0.071951977908611,0.837223708629608
8.18852758407593,-0.013967683538795,0.071915745735169,0.836304664611816
8.19893527030945,-0.014147503301501,0.0719298645854,0.835321545600891
8.2085382938385,-0.014511547982693,0.071873158216477,0.834288895130158
8.22896504402161,-0.014449121430516,0.071917846798897,0.832147359848022
8.23872089385986,-0.014472614973784,0.071915201842785,0.831042170524597
8.23968386650085,-0.014616433531046,0.07197080552578,0.82980340719223
8.24859356880188,-0.014863546006382,0.071956619620323,0.828544974327087
8.25854158401489,-0.015084297396243,0.071970775723457,0.827226340770721
8.27888202667236,-0.014974686317146,0.071937821805477,0.824487924575806
8.27982139587402,-0.015029760077596,0.071952141821385,0.82298219203949
8.2985565662384,-0.015245380811393,0.071931704878807,0.821442723274231
8.2994179725647,-0.015472683124244,0.071901433169842,0.819877922534943
8.30852055549622,-0.015642961487174,0.071909122169018,0.818187236785889
8.3286714553833,-0.015514138154686,0.071978606283665,0.814795613288879
8.32964491844177,-0.015592955052853,0.071971528232098,0.812955975532532
8.34887051582336,-0.015779450535774,0.071966037154198,0.811064064502716
8.34983110427856,-0.016069430857897,0.07193298637867,0.809119522571564
8.36854934692383,-0.01594820804894,0.071978911757469,0.805082559585571
8.36940050125122,-0.015966538339853,0.071998670697212,0.802969396114349
8.37850689888001,-0.016092950478196,0.072014354169369,0.800814807415008
8.38858890533447,-0.016314851120114,0.072039194405079,0.798564553260803
8.39856195449829,-0.016496716067195,0.072055511176586,0.796277761459351
8.41854047775269,-0.016315566375852,0.072032362222672,0.791558146476746
8.42876815795898,-0.016358852386475,0.072026140987873,0.789086699485779
8.4297022819519,-0.016495414078236,0.072006426751614,0.786570549011231
8.43856906890869,-0.016725340858102,0.071961686015129,0.783968329429626
8.44869899749756,-0.01682953722775,0.07193922996521,0.78135359287262
8.46871972084045,-0.01666708663106,0.071981832385063,0.776016235351563
8.47877526283264,-0.016784481704235,0.071957729756832,0.773276567459106
8.48858523368835,-0.016928711906076,0.071927480399609,0.770453155040741
8.48942732810974,-0.017166744917631,0.071937367320061,0.767550587654114
8.50853180885315,-0.016917603090406,0.071975007653236,0.761727213859558
8.51892113685608,-0.016952613368631,0.072005078196526,0.758802592754364
8.52862501144409,-0.017027452588081,0.072013296186924,0.755754947662354
8.53854489326477,-0.017210755497217,0.072095267474651,0.752634108066559
8.53952050209045,-0.017319325357676,0.072131849825382,0.749540150165558
8.55853033065796,-0.017042703926563,0.072117850184441,0.743147015571594
8.56881499290466,-0.017082775011659,0.072166159749031,0.739963531494141
8.56977009773254,-0.017219565808773,0.072140745818615,0.736739158630371
8.57868242263794,-0.017427805811167,0.072156548500061,0.733388543128967
8.59870624542236,-0.017273969948292,0.072217032313347,0.726742327213287
8.60846924781799,-0.017235431820154,0.072271302342415,0.723338782787323
8.60951089859009,-0.017317056655884,0.072282582521439,0.719968259334564
8.61851572990418,-0.017415123060346,0.072317384183407,0.716475307941437
8.62877750396729,-0.017504962161183,0.072311118245125,0.713004946708679
8.64881706237793,-0.01713883318007,0.072378545999527,0.706050097942352
8.65858840942383,-0.017102371901274,0.072396375238896,0.702461957931519
8.66851949691772,-0.017187282443047,0.072447776794434,0.698868811130524
8.6784873008728,-0.017339384183288,0.072508439421654,0.695284783840179
8.68846273422241,-0.017108233645558,0.072519846260548,0.688001751899719
8.69877362251282,-0.016983639448881,0.072545103728771,0.684355318546295
8.70846557617188,-0.017039271071553,0.072531893849373,0.680685043334961
8.70952272415161,-0.017188005149365,0.072568811476231,0.676921188831329
8.71842670440674,-0.017293110489845,0.072589114308357,0.673211812973022
8.74890351295471,-0.016969723626971,0.072635293006897,0.665689468383789
8.75874710083008,-0.016889091581106,0.072669662535191,0.661940932273865
8.77897787094116,-0.017103254795075,0.072717912495136,0.650468647480011
8.78880119323731,-0.016826059669256,0.072746336460114,0.646618962287903
8.79879593849182,-0.016673877835274,0.072742946445942,0.642740488052368
8.7997624874115,-0.016647435724735,0.072732485830784,0.638859212398529
8.80866074562073,-0.016698086634278,0.072757832705975,0.634948372840881
8.82878136634827,-0.016807204112411,0.072823256254196,0.627099573612213
8.83853960037231,-0.016592411324382,0.072777651250362,0.623140752315521
8.83957481384277,-0.016447234898806,0.072795152664185,0.619237899780273
8.84901762008667,-0.016484199091792,0.072776965796948,0.615277886390686
8.85849833488464,-0.016618924215436,0.072669640183449,0.611283600330353
8.86855149269104,-0.016588477417827,0.072698198258877,0.603327691555023
8.87860250473022,-0.016418971121311,0.07272183150053,0.59932404756546
8.8885612487793,-0.016318643465638,0.072705164551735,0.595385670661926
8.90846848487854,-0.016539081931114,0.072643220424652,0.587336003780365
8.91861295700073,-0.016655625775457,0.072599045932293,0.583275675773621
8.92845582962036,-0.016240417957306,0.072532132267952,0.575242221355438
8.93847942352295,-0.016176383942366,0.072508409619331,0.57125997543335
8.95848727226257,-0.016488736495376,0.072376534342766,0.563139915466309
8.96849203109741,-0.016533706337214,0.072422385215759,0.559130609035492
8.97857475280762,-0.016243603080511,0.072339043021202,0.551065683364868
8.98850870132446,-0.01632839627564,0.072290487587452,0.54701292514801
8.99869632720947,-0.016449769958854,0.072227276861668,0.54292094707489
9.01850056648254,-0.016557211056352,0.072155565023422,0.534820854663849
9.02904272079468,-0.016443753615022,0.072142772376537,0.5308478474617
9.02997612953186,-0.016345927491784,0.072075746953487,0.526822090148926
9.03859162330627,-0.016433600336313,0.072031937539578,0.522778689861298
9.04877948760986,-0.016594741493464,0.072023399174213,0.518731355667114
9.05855178833008,-0.016856649890542,0.071910500526428,0.514698386192322
9.07863712310791,-0.016644854098559,0.071818716824055,0.506683468818665
9.0794882774353,-0.016708293929696,0.071817681193352,0.502684831619263
9.09921884536743,-0.017138091847301,0.071634955704212,0.494678169488907
9.10855507850647,-0.017243154346943,0.071585543453693,0.490677773952484
9.1186420917511,-0.017080767080188,0.07146617770195,0.482780694961548
9.12880563735962,-0.017180852591992,0.071428045630455,0.478728890419006
9.14857602119446,-0.017698427662253,0.071388363838196,0.470823109149933
9.15846681594849,-0.017749208956957,0.071333043277264,0.466872751712799
9.16862964630127,-0.017709650099278,0.071171477437019,0.46297350525856
9.17851114273071,-0.017733164131641,0.071142323315144,0.45901420712471
9.18850517272949,-0.018324641510844,0.070991173386574,0.451147526502609
9.19874262809753,-0.018539868295193,0.070962801575661,0.447228044271469
9.21850633621216,-0.018499717116356,0.070839203894138,0.439465016126633
9.22881317138672,-0.018589872866869,0.070780947804451,0.435534745454788
9.24869513511658,-0.019237652420998,0.070707246661186,0.427721947431564
9.24956035614014,-0.019307481124997,0.070659078657627,0.423815369606018
9.26851272583008,-0.019284376874566,0.070525355637074,0.4161017537117
9.27864503860474,-0.019455071538687,0.070481233298779,0.412182360887527
9.2887544631958,-0.019760672003031,0.070470049977303,0.408333957195282
9.28970456123352,-0.020124521106482,0.070365458726883,0.404486775398254
9.3185920715332,-0.020267456769943,0.070267744362354,0.39676907658577
9.32857179641724,-0.020413909107447,0.070239737629891,0.392887234687805
9.33854293823242,-0.020692560821772,0.070202879607678,0.389004439115524
9.35847663879395,-0.021173356100917,0.070067174732685,0.377409219741821
9.36877465248108,-0.021220114082098,0.070000000298023,0.373599737882614
9.38867354393005,-0.022159909829497,0.069843530654907,0.361963212490082
9.39853382110596,-0.022310260683298,0.069754801690579,0.358135670423508
9.39936232566834,-0.022334912791848,0.069690838456154,0.354262948036194
9.40838193893433,-0.022452380508185,0.069636523723602,0.350434303283691
9.41844439506531,-0.022651202976704,0.06958968192339,0.346628338098526
9.42857480049133,-0.022944251075387,0.069527365267277,0.342751771211624
9.43843364715576,-0.023245623335242,0.06951841711998,0.338854968547821
9.44877171516418,-0.023290591314435,0.069340422749519,0.331271082162857
9.45854377746582,-0.023496214300394,0.069198280572891,0.327461898326874
9.47873520851135,-0.024156901985407,0.069108530879021,0.319744735956192
9.47970795631409,-0.024317134171724,0.069072842597962,0.315924078226089
9.50849080085754,-0.024418009445071,0.068982094526291,0.308299481868744
9.50946378707886,-0.024667115882039,0.068908780813217,0.304454803466797
9.51847910881043,-0.02502260170877,0.06880222260952,0.300650209188461
9.51966214179993,-0.02531798183918,0.068722955882549,0.296849817037582
9.53853631019592,-0.02529308013618,0.068536669015884,0.28924685716629
9.54874587059021,-0.025435369461775,0.068496592342854,0.285473048686981
9.5685338973999,-0.026119718328118,0.06830495595932,0.277812629938126
9.57858610153198,-0.026357332244516,0.068234890699387,0.274019449949264
9.58845496177673,-0.026408847421408,0.068076141178608,0.266405314207077
9.59873938560486,-0.026654565706849,0.06791315972805,0.262669175863266
9.61846780776978,-0.027359323576093,0.067714042961598,0.255001157522202
9.63856935501099,-0.027397615835071,0.06773041933775,0.251274704933166
9.66896486282349,-0.02779352851212,0.067364200949669,0.240003168582916
9.67855310440064,-0.02854354120791,0.067026503384113,0.228664383292198
9.6985445022583,-0.0288181360811,0.066699482500553,0.221215471625328
9.69958090782166,-0.02910384722054,0.066608466207981,0.21750782430172
9.7288236618042,-0.029687220230699,0.066388964653015,0.209956765174866
9.73846769332886,-0.029781065881252,0.066140100359917,0.202600926160812
9.75844407081604,-0.030302058905363,0.065827503800392,0.195266380906105
9.76848435401917,-0.030755521729589,0.065685749053955,0.191617086529732
9.78851866722107,-0.030922697857022,0.065406307578087,0.184399232268333
9.79847311973572,-0.031044444069266,0.065274365246296,0.180770248174667
9.81837606430054,-0.032230261713266,0.064800575375557,0.170056283473969
9.82835149765015,-0.03228909522295,0.064611062407494,0.166561722755432
9.83867383003235,-0.032409485429525,0.064480379223824,0.163146615028381
9.84881091117859,-0.033336024731398,0.06399443000555,0.15294286608696
9.85864567756653,-0.033715810626745,0.06373892724514,0.149551436305046
9.87875866889954,-0.034009207040072,0.063431471586228,0.143117904663086
9.87969398498535,-0.034251630306244,0.063257656991482,0.139879927039146
9.89867520332336,-0.035144776105881,0.062982179224491,0.13361544907093
9.90873551368713,-0.035336744040251,0.062824934720993,0.130487397313118
9.91869878768921,-0.035473249852657,0.06272453814745,0.12754100561142
9.92875266075134,-0.035815522074699,0.062327712774277,0.121600039303303
9.94881677627564,-0.036181446164847,0.062194585800171,0.118683181703091
9.96873307228088,-0.036984793841839,0.061789203435183,0.113009065389633
9.97876143455505,-0.037477519363165,0.061406694352627,0.107485912740231
9.99877643585205,-0.03845526650548,0.061160493642092,0.102134726941586
9.99975204467773,-0.038842529058457,0.060918882489205,0.099496573209763
10.0182657241821,-0.039319682866335,0.060592919588089,0.094539992511273
10.0291628837585,-0.039738968014717,0.06045800819993,0.091982454061508
10.0386974811554,-0.040919311344624,0.060048796236515,0.087177187204361
10.0486705303192,-0.041267044842243,0.059893060475588,0.085082121193409
10.068717956543,-0.04186138138175,0.05955708399415,0.080677129328251
10.0786879062653,-0.042400099337101,0.05939905717969,0.078669257462025
10.0886933803558,-0.043311789631844,0.059195306152105,0.07497550547123
10.0998075008392,-0.043635260313749,0.059855688363314,0.073590956628323
10.1287069320679,-0.043562684208155,0.061905149370432,0.073293462395668
10.1386096477509,-0.042566370218992,0.062443301081658,0.073811076581478
10.1786971092224,-0.040297914296389,0.06419413536787,0.077380478382111
10.1796679496765,-0.040168669074774,0.06434803456068,0.078037455677986
10.1886184215546,-0.039991784840822,0.064599022269249,0.078545622527599
10.1987276077271,-0.039957549422979,0.064931355416775,0.079294882714748
10.2186534404755,-0.040188323706389,0.06504387408495,0.079382970929146
10.2286427021027,-0.040315065532923,0.065184190869331,0.079380452632904
10.2385864257813,-0.040716253221035,0.065630480647087,0.079042516648769
10.2395160198212,-0.040917176753283,0.065865345299244,0.078569829463959
10.2686190605164,-0.041474889963865,0.066362261772156,0.077088281512261
10.2695288658142,-0.041752349585295,0.066833853721619,0.07603307813406
10.2885193824768,-0.042419716715813,0.068690918385983,0.074447609484196
10.2987389564514,-0.042269632220268,0.069998532533646,0.073579899966717
10.3189623355865,-0.041330318897963,0.071302056312561,0.073364950716496
10.3287787437439,-0.041225101798773,0.070993162691593,0.073678821325302
10.3384666442871,-0.041338987648487,0.070966362953186,0.07454114407301
10.3488440513611,-0.041466020047665,0.07091049104929,0.07490823417902
10.3786668777466,-0.041556291282177,0.070530079305172,0.075417079031468
10.4084949493408,-0.04110723361373,0.071034736931324,0.076591178774834
10.4188530445099,-0.041426658630371,0.071123160421848,0.075105011463165
10.4385871887207,-0.041713707149029,0.072278380393982,0.07409330457449
10.4585807323456,-0.041764181107283,0.073082126677036,0.073392145335674
10.4785935878754,-0.041679047048092,0.074122324585915,0.072785086929798
10.4887926578522,-0.040632225573063,0.074057936668396,0.073059186339378
10.5186297893524,-0.039824366569519,0.074181698262692,0.073340244591236
10.5387196540833,-0.039626210927963,0.074369728565216,0.073315925896168
10.5586869716644,-0.039933238178492,0.07483684271574,0.072775192558765
10.5687303543091,-0.040138885378838,0.074887536466122,0.072917655110359
10.5885515213013,-0.040995918214321,0.074954114854336,0.073017030954361
10.6085994243622,-0.041374493390322,0.075106434524059,0.072925060987473
10.6393456459045,-0.041505821049214,0.075170867145062,0.07298243790865
10.6487371921539,-0.041658196598291,0.075232438743115,0.07295822352171
10.6584091186523,-0.041716389358044,0.075183279812336,0.072928883135319
10.6689879894257,-0.041711088269949,0.075217202305794,0.072880707681179
10.6785080432892,-0.041731730103493,0.075212523341179,0.072834394872189
10.6884365081787,-0.041813068091869,0.075152099132538,0.072856470942497
10.6984944343567,-0.041779145598412,0.075248375535011,0.072919219732285
10.7087037563324,-0.041812896728516,0.075219303369522,0.072924509644508
10.7185220718384,-0.041738390922546,0.075283162295818,0.072928696870804
10.7486758232117,-0.04173630848527,0.075172945857048,0.072844117879868
10.7584593296051,-0.041822873055935,0.075137041509152,0.072863765060902
10.7685611248016,-0.041816886514425,0.075215071439743,0.072900727391243
10.7786471843719,-0.041797500103712,0.075214393436909,0.072872012853623
10.7884471416473,-0.041764415800572,0.075212508440018,0.072879172861576
10.7985961437225,-0.041763048619032,0.07522889226675,0.072885274887085
10.8084208965302,-0.041698977351189,0.075220786035061,0.072878554463387
10.8287155628204,-0.041717641055584,0.075198732316494,0.07286811619997
10.8297619819641,-0.041712783277035,0.075263015925884,0.072917327284813
10.8384265899658,-0.041718930006027,0.075252518057823,0.072901010513306
10.8485779762268,-0.041702475398779,0.075192630290985,0.072863802313805
10.858274936676,-0.041718140244484,0.075229875743389,0.072881817817688
10.868371963501,-0.041723765432835,0.075226075947285,0.072865903377533
10.8783557415009,-0.041709195822477,0.075236685574055,0.072901494801045
10.8985483646393,-0.041725926101208,0.07525147497654,0.072929292917252
10.9083089828491,-0.041738905012608,0.075179867446423,0.072846785187721
10.9183518886566,-0.041750438511372,0.075152181088925,0.072828888893128
10.9192373752594,-0.041754465550184,0.075153306126595,0.072893112897873
10.9286797046661,-0.041713681071997,0.075197868049145,0.072902455925942
10.9483835697174,-0.041705574840307,0.075243264436722,0.072884030640125
10.9583101272583,-0.041708521544933,0.075222842395306,0.07286910712719
10.9683525562286,-0.041712231934071,0.075226984918118,0.072893269360066
10.9787027835846,-0.041758790612221,0.075180172920227,0.072865314781666
10.988377571106,-0.04167015850544,0.075226150453091,0.07285287976265
10.998455286026,-0.0416837669909,0.075251795351505,0.0729009360075
11.0083487033844,-0.041707579046488,0.075218684971333,0.072886660695076
11.0183770656586,-0.041783332824707,0.075187414884567,0.072859048843384
11.028422832489,-0.041686281561852,0.075263492763043,0.072792582213879
11.0383365154266,-0.041677210479975,0.075222313404083,0.072862222790718
11.0486063957214,-0.041737567633391,0.075196355581284,0.072850815951824
11.0683381557465,-0.041700281202793,0.075240291655064,0.072787962853909
11.0786299705505,-0.041691642254591,0.075212590396404,0.072854466736317
11.0883333683014,-0.041728481650353,0.075136192142963,0.072840996086598
11.1083655357361,-0.041701756417751,0.075188107788563,0.072851806879044
11.1093454360962,-0.041669588536024,0.075209401547909,0.072866722941399
11.118950843811,-0.041742794215679,0.075142197310925,0.072797067463398
11.1383044719696,-0.041688904166222,0.075222373008728,0.072838060557842
11.14879155159,-0.041684299707413,0.075193256139755,0.072855390608311
11.1584289073944,-0.041736748069525,0.075176671147347,0.072852663695812
